similarity,pValue,nGenes,treatment,perturbagenID,time,signatureid,cellline,Source_Signature,Perturbagen,CellLine,perturbagen
0.7417,1.3107e-96,547,IL6,CGS001-3569,96 h,LINCSKD_9600,HA1E,LINCSCP_16404,Carbetocin,HA1E,Carbetocin
0.6533,6.9697e-68,547,TNF,CGS001-7124,96 h,LINCSKD_11298,HA1E,LINCSCP_16404,Carbetocin,HA1E,Carbetocin
-0.6181,6.062e-59,547,ARG1,CGS001-383,96 h,LINCSKD_8268,HA1E,LINCSCP_16404,Carbetocin,HA1E,Carbetocin
-0.5912,7.3149e-53,547,TLR9,CGS001-54106,96 h,LINCSKD_11280,HA1E,LINCSCP_16404,Carbetocin,HA1E,Carbetocin
0.5805,1.3702e-50,547,TNF,CGS001-7124,96 h,LINCSKD_3241,A375,LINCSCP_16404,Carbetocin,HA1E,Carbetocin
0.5785,3.6187e-50,547,CTLA4,CGS001-1493,120 h,LINCSKD_30568,VCAP,LINCSCP_16404,Carbetocin,HA1E,Carbetocin
-0.5479,3.5412e-44,547,CD83,CGS001-9308,96 h,LINCSKD_8567,HA1E,LINCSCP_16404,Carbetocin,HA1E,Carbetocin
0.5448,1.3247e-43,547,CD19,CGS001-930,96 h,LINCSKD_8558,HA1E,LINCSCP_16404,Carbetocin,HA1E,Carbetocin
-0.5222,1.3505e-39,547,CD40,CGS001-958,96 h,LINCSKD_14212,HEKTE,LINCSCP_16404,Carbetocin,HA1E,Carbetocin
-0.5127,5.3517e-38,547,TLR7,CGS001-51284,96 h,LINCSKD_6832,A549,LINCSCP_16404,Carbetocin,HA1E,Carbetocin
-0.5044,1.212e-36,547,TLR7,CGS001-51284,96 h,LINCSKD_11278,HA1E,LINCSCP_16404,Carbetocin,HA1E,Carbetocin
0.4964,2.28e-35,547,CD46,CGS001-4179,96 h,LINCSKD_490,A375,LINCSCP_16404,Carbetocin,HA1E,Carbetocin
0.495,3.7757e-35,547,CD81,CGS001-975,96 h,LINCSKD_18326,HT29,LINCSCP_16404,Carbetocin,HA1E,Carbetocin
-0.4847,1.4423e-33,547,CD83,CGS001-9308,96 h,LINCSKD_14984,HEPG2,LINCSCP_16404,Carbetocin,HA1E,Carbetocin
0.4794,8.9456e-33,547,ARG1,CGS001-383,96 h,LINCSKD_7324,ASC,LINCSCP_16404,Carbetocin,HA1E,Carbetocin
0.4525,3.3935e-9,155,IL6R,CGS001-3570,96 h,LINCSKD_27674,PC3,LINCSCP_2101,Carbetocin,A375,Carbetocin
0.3881,6.0521e-7,155,ARG1,CGS001-383,96 h,LINCSKD_14709,HEPG2,LINCSCP_2101,Carbetocin,A375,Carbetocin
0.3815,9.7291e-7,155,CD46,CGS001-4179,96 h,LINCSKD_22488,MCF7,LINCSCP_2101,Carbetocin,A375,Carbetocin
-0.3228,0,155,CD19,CGS001-930,96 h,LINCSKD_7392,ASC,LINCSCP_2101,Carbetocin,A375,Carbetocin
0.3215,0,155,CD83,CGS001-9308,96 h,LINCSKD_497,A375,LINCSCP_2101,Carbetocin,A375,Carbetocin
0.3088,1e-4,155,CTLA4,CGS001-1493,96 h,LINCSKD_686,A375,LINCSCP_2101,Carbetocin,A375,Carbetocin
0.3088,1e-4,155,CD83,CGS001-9308,96 h,LINCSKD_4161,A549,LINCSCP_2101,Carbetocin,A375,Carbetocin
0.3084,1e-4,155,CD46,CGS001-4179,96 h,LINCSKD_18323,HT29,LINCSCP_2101,Carbetocin,A375,Carbetocin
-0.604,3.0337e-39,381,CTLA4,CGS001-1493,120 h,LINCSKD_30568,VCAP,LINCSCP_32096,Carbetocin,MCF7,Carbetocin
0.5971,3.5981e-38,381,IL6,CGS001-3569,120 h,LINCSKD_31339,VCAP,LINCSCP_32096,Carbetocin,MCF7,Carbetocin
0.591,3.0349e-37,381,CD19,CGS001-930,120 h,LINCSKD_30377,VCAP,LINCSCP_32096,Carbetocin,MCF7,Carbetocin
0.5777,2.7109e-35,381,TLR9,CGS001-54106,96 h,LINCSKD_11280,HA1E,LINCSCP_32096,Carbetocin,MCF7,Carbetocin
0.5631,2.9596e-33,381,CD83,CGS001-9308,144 h,LINCSKD_34124,MCF7,LINCSCP_32096,Carbetocin,MCF7,Carbetocin
0.5562,2.5238e-32,381,IL1B,CGS001-3553,96 h,LINCSKD_23163,MCF7,LINCSCP_32096,Carbetocin,MCF7,Carbetocin
0.5517,9.8792e-32,381,CD46,CGS001-4179,96 h,LINCSKD_22488,MCF7,LINCSCP_32096,Carbetocin,MCF7,Carbetocin
0.5495,1.9107e-31,381,TLR7,CGS001-51284,96 h,LINCSKD_6832,A549,LINCSCP_32096,Carbetocin,MCF7,Carbetocin
0.5414,2.1251e-30,381,ARG1,CGS001-383,96 h,LINCSKD_8268,HA1E,LINCSCP_32096,Carbetocin,MCF7,Carbetocin
0.529,7.3526e-29,381,TLR7,CGS001-51284,96 h,LINCSKD_17468,HEPG2,LINCSCP_32096,Carbetocin,MCF7,Carbetocin
0.4983,2.618e-25,381,CD40,CGS001-958,96 h,LINCSKD_12028,HCC515,LINCSCP_32096,Carbetocin,MCF7,Carbetocin
0.4886,2.9933e-24,381,ARG1,CGS001-383,96 h,LINCSKD_11845,HCC515,LINCSCP_32096,Carbetocin,MCF7,Carbetocin
0.4828,1.2222e-23,381,TLR7,CGS001-51284,120 h,LINCSKD_32970,VCAP,LINCSCP_32096,Carbetocin,MCF7,Carbetocin
0.4288,4.9012e-10,193,IL6R,CGS001-3570,96 h,LINCSKD_5166,A549,LINCSCP_32281,Carbetocin,MCF7,Carbetocin
0.3919,1.7416e-8,193,CTLA4,CGS001-1493,96 h,LINCSKD_18501,HT29,LINCSCP_32281,Carbetocin,MCF7,Carbetocin
0.374,8.4525e-8,193,CD46,CGS001-4179,96 h,LINCSKD_4156,A549,LINCSCP_32281,Carbetocin,MCF7,Carbetocin
0.3451,8.8839e-7,193,CD19,CGS001-930,96 h,LINCSKD_22484,MCF7,LINCSCP_32281,Carbetocin,MCF7,Carbetocin
0.3432,1.0247e-6,193,TNF,CGS001-7124,96 h,LINCSKD_11298,HA1E,LINCSCP_32281,Carbetocin,MCF7,Carbetocin
0.3402,1.296e-6,193,CD46,CGS001-4179,96 h,LINCSKD_22488,MCF7,LINCSCP_32281,Carbetocin,MCF7,Carbetocin
0.3341,2.0463000000000002e-06,193,IL6R,CGS001-3570,96 h,LINCSKD_9601,HA1E,LINCSCP_32281,Carbetocin,MCF7,Carbetocin
0.3338,2.1033e-6,193,CTLA4,CGS001-1493,96 h,LINCSKD_4348,A549,LINCSCP_32281,Carbetocin,MCF7,Carbetocin
0.3235,4.4648e-6,193,CD81,CGS001-975,96 h,LINCSKD_18326,HT29,LINCSCP_32281,Carbetocin,MCF7,Carbetocin
-0.3195,5.9349e-6,193,CD83,CGS001-9308,144 h,LINCSKD_35740,PC3,LINCSCP_32281,Carbetocin,MCF7,Carbetocin
0.3014,0,193,CD46,CGS001-4179,96 h,LINCSKD_26918,PC3,LINCSCP_32281,Carbetocin,MCF7,Carbetocin
0.2999,0,193,IL1B,CGS001-3553,96 h,LINCSKD_9587,HA1E,LINCSCP_32281,Carbetocin,MCF7,Carbetocin
0.2875,1e-4,193,CTLA4,CGS001-1493,96 h,LINCSKD_8761,HA1E,LINCSCP_32281,Carbetocin,MCF7,Carbetocin
0.2865,1e-4,193,TNF,CGS001-7124,96 h,LINCSKD_6852,A549,LINCSCP_32281,Carbetocin,MCF7,Carbetocin
0.282,1e-4,193,CD44,CGS001-960,144 h,LINCSKD_25821,PC3,LINCSCP_32281,Carbetocin,MCF7,Carbetocin
-0.2804,1e-4,193,CD83,CGS001-9308,96 h,LINCSKD_18327,HT29,LINCSCP_32281,Carbetocin,MCF7,Carbetocin
0.28,1e-4,193,TNF,CGS001-7124,96 h,LINCSKD_24319,MCF7,LINCSCP_32281,Carbetocin,MCF7,Carbetocin
0.2792,1e-4,193,ARG1,CGS001-383,96 h,LINCSKD_24665,NPC,LINCSCP_32281,Carbetocin,MCF7,Carbetocin
0.2678,2e-4,193,CTLA4,CGS001-1493,120 h,LINCSKD_30568,VCAP,LINCSCP_32281,Carbetocin,MCF7,Carbetocin
0.4805,1.6955e-11,175,IL1B,CGS001-3553,96 h,LINCSKD_9587,HA1E,LINCSCP_46405,Carbetocin,PC3,Carbetocin
0.4629,1.1233e-10,175,TNF,CGS001-7124,96 h,LINCSKD_3241,A375,LINCSCP_46405,Carbetocin,PC3,Carbetocin
0.4193,7.6879e-9,175,IL6,CGS001-3569,96 h,LINCSKD_9600,HA1E,LINCSCP_46405,Carbetocin,PC3,Carbetocin
0.3797,2.1865e-7,175,CD83,CGS001-9308,120 h,LINCSKD_30387,VCAP,LINCSCP_46405,Carbetocin,PC3,Carbetocin
0.3527,1.6959e-6,175,TNF,CGS001-7124,96 h,LINCSKD_24319,MCF7,LINCSCP_46405,Carbetocin,PC3,Carbetocin
0.349,2.2125e-6,175,IL6,CGS001-3569,96 h,LINCSKD_19255,HT29,LINCSCP_46405,Carbetocin,PC3,Carbetocin
-0.3444,3.0527e-6,175,CD46,CGS001-4179,96 h,LINCSKD_18323,HT29,LINCSCP_46405,Carbetocin,PC3,Carbetocin
0.3437,3.2069e-6,175,CD44,CGS001-960,120 h,LINCSKD_30381,VCAP,LINCSCP_46405,Carbetocin,PC3,Carbetocin
0.335,5.8515e-6,175,CTLA4,CGS001-1493,120 h,LINCSKD_30568,VCAP,LINCSCP_46405,Carbetocin,PC3,Carbetocin
0.3309,7.7343e-6,175,TNF,CGS001-7124,96 h,LINCSKD_14496,HEKTE,LINCSCP_46405,Carbetocin,PC3,Carbetocin
0.3251,0,175,CD46,CGS001-4179,96 h,LINCSKD_4156,A549,LINCSCP_46405,Carbetocin,PC3,Carbetocin
0.3122,0,175,CD46,CGS001-4179,96 h,LINCSKD_490,A375,LINCSCP_46405,Carbetocin,PC3,Carbetocin
0.3094,0,175,IL6,CGS001-3569,96 h,LINCSKD_15923,HEPG2,LINCSCP_46405,Carbetocin,PC3,Carbetocin
0.3081,0,175,CD44,CGS001-960,96 h,LINCSKD_8562,HA1E,LINCSCP_46405,Carbetocin,PC3,Carbetocin
0.3049,0,175,TNF,CGS001-7124,96 h,LINCSKD_28936,PC3,LINCSCP_46405,Carbetocin,PC3,Carbetocin
0.3044,0,175,CD46,CGS001-4179,96 h,LINCSKD_12029,HCC515,LINCSCP_46405,Carbetocin,PC3,Carbetocin
0.4927,4.4733e-13,191,TNF,CGS001-7124,96 h,LINCSKD_3241,A375,LINCSCP_46539,Carbetocin,PC3,Carbetocin
0.4906,5.8452e-13,191,IL6,CGS001-3569,96 h,LINCSKD_9600,HA1E,LINCSCP_46539,Carbetocin,PC3,Carbetocin
0.4374,2.5022e-10,191,ARG1,CGS001-383,96 h,LINCSKD_7324,ASC,LINCSCP_46539,Carbetocin,PC3,Carbetocin
0.4366,2.7145e-10,191,IL6R,CGS001-3570,96 h,LINCSKD_9601,HA1E,LINCSCP_46539,Carbetocin,PC3,Carbetocin
0.4343,3.4423e-10,191,CTLA4,CGS001-1493,96 h,LINCSKD_18501,HT29,LINCSCP_46539,Carbetocin,PC3,Carbetocin
0.4212,1.2984e-9,191,TNF,CGS001-7124,96 h,LINCSKD_24319,MCF7,LINCSCP_46539,Carbetocin,PC3,Carbetocin
0.4136,2.7431e-9,191,CD19,CGS001-930,96 h,LINCSKD_8558,HA1E,LINCSCP_46539,Carbetocin,PC3,Carbetocin
0.3956,1.4745e-8,191,CTLA4,CGS001-1493,96 h,LINCSKD_27056,PC3,LINCSCP_46539,Carbetocin,PC3,Carbetocin
0.3928,1.9124e-8,191,TNF,CGS001-7124,96 h,LINCSKD_11298,HA1E,LINCSCP_46539,Carbetocin,PC3,Carbetocin
0.3861,3.4687e-8,191,CD83,CGS001-9308,120 h,LINCSKD_30387,VCAP,LINCSCP_46539,Carbetocin,PC3,Carbetocin
0.3678,1.6619e-7,191,CTLA4,CGS001-1493,96 h,LINCSKD_15163,HEPG2,LINCSCP_46539,Carbetocin,PC3,Carbetocin
0.3652,2.0441e-7,191,CTLA4,CGS001-1493,120 h,LINCSKD_30568,VCAP,LINCSCP_46539,Carbetocin,PC3,Carbetocin
0.363,2.4525e-7,191,IL6,CGS001-3569,96 h,LINCSKD_12722,HCC515,LINCSCP_46539,Carbetocin,PC3,Carbetocin
0.3567,4.0942e-7,191,CD46,CGS001-4179,96 h,LINCSKD_12029,HCC515,LINCSCP_46539,Carbetocin,PC3,Carbetocin
0.3545,4.8858e-7,191,CD19,CGS001-930,96 h,LINCSKD_18318,HT29,LINCSCP_46539,Carbetocin,PC3,Carbetocin
0.3212,7.5479e-8,268,TLR7,CGS001-51284,96 h,LINCSKD_17468,HEPG2,LINCSCP_141237,Desmopressin,MCF7,Desmopressin
0.3174,1.0935e-7,268,ARG1,CGS001-383,96 h,LINCSKD_14709,HEPG2,LINCSCP_141237,Desmopressin,MCF7,Desmopressin
0.2907,1.2897e-6,268,CD19,CGS001-930,96 h,LINCSKD_12026,HCC515,LINCSCP_141237,Desmopressin,MCF7,Desmopressin
0.2821,2.7037e-6,268,CD19,CGS001-930,96 h,LINCSKD_4151,A549,LINCSCP_141237,Desmopressin,MCF7,Desmopressin
0.2694,7.7122e-6,268,CD44,CGS001-960,96 h,LINCSKD_4155,A549,LINCSCP_141237,Desmopressin,MCF7,Desmopressin
0.2639,0,268,CD83,CGS001-9308,144 h,LINCSKD_34124,MCF7,LINCSCP_141237,Desmopressin,MCF7,Desmopressin
0.2613,0,268,ARG1,CGS001-383,96 h,LINCSKD_8268,HA1E,LINCSCP_141237,Desmopressin,MCF7,Desmopressin
-0.2395,1e-4,268,CD44,CGS001-960,144 h,LINCSKD_34122,MCF7,LINCSCP_141237,Desmopressin,MCF7,Desmopressin
0.2393,1e-4,268,CD19,CGS001-930,96 h,LINCSKD_14975,HEPG2,LINCSCP_141237,Desmopressin,MCF7,Desmopressin
0.2235,2e-4,268,TNF,CGS001-7124,96 h,LINCSKD_14496,HEKTE,LINCSCP_141237,Desmopressin,MCF7,Desmopressin
0.2235,2e-4,268,CD83,CGS001-9308,96 h,LINCSKD_14984,HEPG2,LINCSCP_141237,Desmopressin,MCF7,Desmopressin
0.2174,3e-4,268,IL6,CGS001-3569,120 h,LINCSKD_31339,VCAP,LINCSCP_141237,Desmopressin,MCF7,Desmopressin
0.4236,5.0467e-21,450,TLR7,CGS001-51284,120 h,LINCSKD_32970,VCAP,LINCSCP_141238,Desmopressin,MCF7,Desmopressin
0.4198,1.2349e-20,450,CD83,CGS001-9308,144 h,LINCSKD_34124,MCF7,LINCSCP_141238,Desmopressin,MCF7,Desmopressin
0.4169,2.3742e-20,450,TLR9,CGS001-54106,96 h,LINCSKD_24311,MCF7,LINCSCP_141238,Desmopressin,MCF7,Desmopressin
-0.4046,3.7456e-19,450,CTLA4,CGS001-1493,120 h,LINCSKD_30568,VCAP,LINCSCP_141238,Desmopressin,MCF7,Desmopressin
0.3946,3.2468e-18,450,IL6,CGS001-3569,120 h,LINCSKD_31339,VCAP,LINCSCP_141238,Desmopressin,MCF7,Desmopressin
-0.3868,1.6344e-17,450,CD44,CGS001-960,144 h,LINCSKD_34122,MCF7,LINCSCP_141238,Desmopressin,MCF7,Desmopressin
0.3788,8.4796e-17,450,TLR7,CGS001-51284,96 h,LINCSKD_6832,A549,LINCSCP_141238,Desmopressin,MCF7,Desmopressin
0.36,3.2702e-15,450,ARG1,CGS001-383,96 h,LINCSKD_8268,HA1E,LINCSCP_141238,Desmopressin,MCF7,Desmopressin
0.3565,6.2699e-15,450,CD40,CGS001-958,96 h,LINCSKD_12028,HCC515,LINCSCP_141238,Desmopressin,MCF7,Desmopressin
0.3558,7.0828e-15,450,TLR9,CGS001-54106,96 h,LINCSKD_11280,HA1E,LINCSCP_141238,Desmopressin,MCF7,Desmopressin
0.3533,1.1154e-14,450,TLR7,CGS001-51284,96 h,LINCSKD_17468,HEPG2,LINCSCP_141238,Desmopressin,MCF7,Desmopressin
-0.3488,2.5632e-14,450,CTLA4,CGS001-1493,96 h,LINCSKD_4348,A549,LINCSCP_141238,Desmopressin,MCF7,Desmopressin
0.3476,3.157e-14,450,CD83,CGS001-9308,96 h,LINCSKD_8567,HA1E,LINCSCP_141238,Desmopressin,MCF7,Desmopressin
-0.3406,1.107e-13,450,CTLA4,CGS001-1493,144 h,LINCSKD_35785,PC3,LINCSCP_141238,Desmopressin,MCF7,Desmopressin
-0.3374,1.9341e-13,450,CD81,CGS001-975,96 h,LINCSKD_18326,HT29,LINCSCP_141238,Desmopressin,MCF7,Desmopressin
0.3371,2.0203e-13,450,CD19,CGS001-930,120 h,LINCSKD_30377,VCAP,LINCSCP_141238,Desmopressin,MCF7,Desmopressin
0.3366,2.2139e-13,450,IL1B,CGS001-3553,96 h,LINCSKD_23163,MCF7,LINCSCP_141238,Desmopressin,MCF7,Desmopressin
0.3349,2.9579e-13,450,TLR9,CGS001-54106,96 h,LINCSKD_17470,HEPG2,LINCSCP_141238,Desmopressin,MCF7,Desmopressin
-0.3347,3.0824e-13,450,IL6,CGS001-3569,96 h,LINCSKD_9600,HA1E,LINCSCP_141238,Desmopressin,MCF7,Desmopressin
-0.334,3.4446e-13,450,IL6R,CGS001-3570,96 h,LINCSKD_5166,A549,LINCSCP_141238,Desmopressin,MCF7,Desmopressin
0.3242,1.802e-12,450,ARG1,CGS001-383,96 h,LINCSKD_11845,HCC515,LINCSCP_141238,Desmopressin,MCF7,Desmopressin
0.3242,1.8107e-12,450,CD83,CGS001-9308,96 h,LINCSKD_14984,HEPG2,LINCSCP_141238,Desmopressin,MCF7,Desmopressin
0.2736,0,234,IL1B,CGS001-3553,96 h,LINCSKD_9587,HA1E,LINCSCP_159437,Desmopressin,PC3,Desmopressin
0.2699,0,234,CTLA4,CGS001-1493,96 h,LINCSKD_8761,HA1E,LINCSCP_159437,Desmopressin,PC3,Desmopressin
0.2578,1e-4,234,CD19,CGS001-930,96 h,LINCSKD_12026,HCC515,LINCSCP_159437,Desmopressin,PC3,Desmopressin
0.2518,1e-4,234,CD44,CGS001-960,96 h,LINCSKD_4155,A549,LINCSCP_159437,Desmopressin,PC3,Desmopressin
0.2271,5e-4,234,TLR9,CGS001-54106,96 h,LINCSKD_13861,HCC515,LINCSCP_159437,Desmopressin,PC3,Desmopressin
0.2213,7e-4,234,IL1B,CGS001-3553,96 h,LINCSKD_19243,HT29,LINCSCP_159437,Desmopressin,PC3,Desmopressin
0.2167,8e-4,234,CD46,CGS001-4179,96 h,LINCSKD_4156,A549,LINCSCP_159437,Desmopressin,PC3,Desmopressin
0.207,0.0015,234,IL6R,CGS001-3570,96 h,LINCSKD_9601,HA1E,LINCSCP_159437,Desmopressin,PC3,Desmopressin
0.3436,0,137,CD46,CGS001-4179,96 h,LINCSKD_4156,A549,LINCSCP_77689,Desmopressin,A375,Desmopressin
0.3073,3e-4,137,IL1B,CGS001-3553,96 h,LINCSKD_15912,HEPG2,LINCSCP_77689,Desmopressin,A375,Desmopressin
-0.2897,6e-4,137,CD81,CGS001-975,96 h,LINCSKD_26924,PC3,LINCSCP_77689,Desmopressin,A375,Desmopressin
0.2834,8e-4,137,TLR7,CGS001-51284,96 h,LINCSKD_3222,A375,LINCSCP_77689,Desmopressin,A375,Desmopressin
0.262,0.002,137,TNF,CGS001-7124,96 h,LINCSKD_17488,HEPG2,LINCSCP_77689,Desmopressin,A375,Desmopressin
0.2534,0.0028,137,IL6,CGS001-3569,144 h,LINCSKD_34351,MCF7,LINCSCP_77689,Desmopressin,A375,Desmopressin
0.2528,0.0029,137,IL6,CGS001-3569,96 h,LINCSKD_12722,HCC515,LINCSCP_77689,Desmopressin,A375,Desmopressin
0.2342,0.0059,137,CD44,CGS001-960,96 h,LINCSKD_4155,A549,LINCSCP_77689,Desmopressin,A375,Desmopressin
0.2284,0.0073,137,TLR9,CGS001-54106,96 h,LINCSKD_13861,HCC515,LINCSCP_77689,Desmopressin,A375,Desmopressin
0.2219,0.0091,137,CTLA4,CGS001-1493,96 h,LINCSKD_8761,HA1E,LINCSCP_77689,Desmopressin,A375,Desmopressin
-0.2214,0.0093,137,TLR7,CGS001-51284,144 h,LINCSKD_34701,MCF7,LINCSCP_77689,Desmopressin,A375,Desmopressin
0.216,0.0112,137,ARG1,CGS001-383,96 h,LINCSKD_24665,NPC,LINCSCP_77689,Desmopressin,A375,Desmopressin
0.2084,0.0145,137,CD83,CGS001-9308,96 h,LINCSKD_4161,A549,LINCSCP_77689,Desmopressin,A375,Desmopressin
0.2064,0.0155,137,CD19,CGS001-930,96 h,LINCSKD_12026,HCC515,LINCSCP_77689,Desmopressin,A375,Desmopressin
-0.2031,0.0173,137,CD44,CGS001-960,96 h,LINCSKD_14980,HEPG2,LINCSCP_77689,Desmopressin,A375,Desmopressin
0.2955,1.0984e-7,311,IL6R,CGS001-3570,96 h,LINCSKD_9601,HA1E,LINCSCP_96019,Desmopressin,HA1E,Desmopressin
0.2522,6.6858e-6,311,CD46,CGS001-4179,96 h,LINCSKD_4156,A549,LINCSCP_96019,Desmopressin,HA1E,Desmopressin
0.2316,0,311,CD19,CGS001-930,96 h,LINCSKD_24745,NPC,LINCSCP_96019,Desmopressin,HA1E,Desmopressin
0.2007,4e-4,311,CD81,CGS001-975,96 h,LINCSKD_18326,HT29,LINCSCP_96019,Desmopressin,HA1E,Desmopressin
0.2664,1e-4,218,ARG1,CGS001-383,96 h,LINCSKD_24665,NPC,LINCSCP_96020,Desmopressin,HA1E,Desmopressin
0.2454,3e-4,218,CTLA4,CGS001-1493,96 h,LINCSKD_8761,HA1E,LINCSCP_96020,Desmopressin,HA1E,Desmopressin
0.2344,5e-4,218,CTLA4,CGS001-1493,96 h,LINCSKD_4348,A549,LINCSCP_96020,Desmopressin,HA1E,Desmopressin
0.2215,0.001,218,CD19,CGS001-930,96 h,LINCSKD_12026,HCC515,LINCSCP_96020,Desmopressin,HA1E,Desmopressin
-0.2205,0.001,218,CD46,CGS001-4179,120 h,LINCSKD_30382,VCAP,LINCSCP_96020,Desmopressin,HA1E,Desmopressin
0.21560000000000001,0.0014,218,CD81,CGS001-975,96 h,LINCSKD_26924,PC3,LINCSCP_96020,Desmopressin,HA1E,Desmopressin
0.2144,0.0015,218,IL6R,CGS001-3570,96 h,LINCSKD_9601,HA1E,LINCSCP_96020,Desmopressin,HA1E,Desmopressin
0.2078,0.002,218,IL6,CGS001-3569,96 h,LINCSKD_12722,HCC515,LINCSCP_96020,Desmopressin,HA1E,Desmopressin
0.2057,0.0023,218,CD44,CGS001-960,96 h,LINCSKD_4155,A549,LINCSCP_96020,Desmopressin,HA1E,Desmopressin
0.2024,0.0027,218,CD81,CGS001-975,96 h,LINCSKD_14983,HEPG2,LINCSCP_96020,Desmopressin,HA1E,Desmopressin
0.3565,3.0917e-8,228,CD44,CGS001-960,96 h,LINCSKD_4155,A549,LINCSCP_96024,Desmopressin,HA1E,Desmopressin
0.3277,4.1451e-7,228,TNF,CGS001-7124,96 h,LINCSKD_14496,HEKTE,LINCSCP_96024,Desmopressin,HA1E,Desmopressin
0.3037,2.9822e-6,228,CD46,CGS001-4179,96 h,LINCSKD_4156,A549,LINCSCP_96024,Desmopressin,HA1E,Desmopressin
0.2503,1e-4,228,TLR7,CGS001-51284,96 h,LINCSKD_17468,HEPG2,LINCSCP_96024,Desmopressin,HA1E,Desmopressin
0.2475,2e-4,228,TNF,CGS001-7124,120 h,LINCSKD_32982,VCAP,LINCSCP_96024,Desmopressin,HA1E,Desmopressin
0.2438,2e-4,228,IL6R,CGS001-3570,96 h,LINCSKD_23173,MCF7,LINCSCP_96024,Desmopressin,HA1E,Desmopressin
0.2371,3e-4,228,CD40,CGS001-958,96 h,LINCSKD_12028,HCC515,LINCSCP_96024,Desmopressin,HA1E,Desmopressin
0.234,4e-4,228,CD44,CGS001-960,96 h,LINCSKD_14980,HEPG2,LINCSCP_96024,Desmopressin,HA1E,Desmopressin
0.2194,8e-4,228,IL6,CGS001-3569,96 h,LINCSKD_19255,HT29,LINCSCP_96024,Desmopressin,HA1E,Desmopressin
0.2149,0.0011,228,TLR7,CGS001-51284,96 h,LINCSKD_35547,MCF7,LINCSCP_96024,Desmopressin,HA1E,Desmopressin
0.2138,0.0012,228,CD46,CGS001-4179,120 h,LINCSKD_30382,VCAP,LINCSCP_96024,Desmopressin,HA1E,Desmopressin
0.2134,0.0012,228,TLR7,CGS001-51284,96 h,LINCSKD_11278,HA1E,LINCSCP_96024,Desmopressin,HA1E,Desmopressin
0.2106,0.0014,228,CTLA4,CGS001-1493,96 h,LINCSKD_8761,HA1E,LINCSCP_96024,Desmopressin,HA1E,Desmopressin
0.2097,0.0014,228,CD40,CGS001-958,96 h,LINCSKD_14212,HEKTE,LINCSCP_96024,Desmopressin,HA1E,Desmopressin
-0.43120000000000003,7.2588e-19,385,TNF,CGS001-7124,96 h,LINCSKD_24319,MCF7,LINCSCP_34460,Hydroxychloroquine,MCF7,Hydroxychloroquine
0.4278,1.4435e-18,385,TLR9,CGS001-54106,96 h,LINCSKD_24311,MCF7,LINCSCP_34460,Hydroxychloroquine,MCF7,Hydroxychloroquine
0.4221,4.6165e-18,385,IL1B,CGS001-3553,96 h,LINCSKD_23163,MCF7,LINCSCP_34460,Hydroxychloroquine,MCF7,Hydroxychloroquine
-0.417,1.2518e-17,385,CD81,CGS001-975,96 h,LINCSKD_18326,HT29,LINCSCP_34460,Hydroxychloroquine,MCF7,Hydroxychloroquine
0.4104,4.5207e-17,385,ARG1,CGS001-383,96 h,LINCSKD_11845,HCC515,LINCSCP_34460,Hydroxychloroquine,MCF7,Hydroxychloroquine
0.4071,8.4609e-17,385,TLR7,CGS001-51284,96 h,LINCSKD_11278,HA1E,LINCSCP_34460,Hydroxychloroquine,MCF7,Hydroxychloroquine
0.3996,3.4012e-16,385,CD83,CGS001-9308,144 h,LINCSKD_34124,MCF7,LINCSCP_34460,Hydroxychloroquine,MCF7,Hydroxychloroquine
-0.3956,7.1565e-16,385,CTLA4,CGS001-1493,120 h,LINCSKD_30568,VCAP,LINCSCP_34460,Hydroxychloroquine,MCF7,Hydroxychloroquine
0.3697,6.4755e-14,385,CD83,CGS001-9308,96 h,LINCSKD_14984,HEPG2,LINCSCP_34460,Hydroxychloroquine,MCF7,Hydroxychloroquine
-0.3617,2.4281e-13,385,ARG1,CGS001-383,96 h,LINCSKD_7324,ASC,LINCSCP_34460,Hydroxychloroquine,MCF7,Hydroxychloroquine
0.3587,3.9107e-13,385,CD83,CGS001-9308,96 h,LINCSKD_497,A375,LINCSCP_34460,Hydroxychloroquine,MCF7,Hydroxychloroquine
-0.351,1.3265e-12,385,IL6,CGS001-3569,96 h,LINCSKD_9600,HA1E,LINCSCP_34460,Hydroxychloroquine,MCF7,Hydroxychloroquine
0.4304,1.2121e-14,293,CD83,CGS001-9308,96 h,LINCSKD_14984,HEPG2,LINCSCP_34562,Hydroxychloroquine,MCF7,Hydroxychloroquine
0.3842,9.7185e-12,293,CD83,CGS001-9308,96 h,LINCSKD_4161,A549,LINCSCP_34562,Hydroxychloroquine,MCF7,Hydroxychloroquine
0.3657,1.0563e-10,293,TLR7,CGS001-51284,96 h,LINCSKD_6832,A549,LINCSCP_34562,Hydroxychloroquine,MCF7,Hydroxychloroquine
0.3542,4.3772e-10,293,CD83,CGS001-9308,144 h,LINCSKD_34124,MCF7,LINCSCP_34562,Hydroxychloroquine,MCF7,Hydroxychloroquine
0.3479,9.198e-10,293,ARG1,CGS001-383,96 h,LINCSKD_8268,HA1E,LINCSCP_34562,Hydroxychloroquine,MCF7,Hydroxychloroquine
0.3297,7.3931e-9,293,CD40,CGS001-958,96 h,LINCSKD_12028,HCC515,LINCSCP_34562,Hydroxychloroquine,MCF7,Hydroxychloroquine
0.3256,1.1636e-8,293,TLR7,CGS001-51284,96 h,LINCSKD_17468,HEPG2,LINCSCP_34562,Hydroxychloroquine,MCF7,Hydroxychloroquine
0.3202,2.0648e-8,293,IL6,CGS001-3569,120 h,LINCSKD_31339,VCAP,LINCSCP_34562,Hydroxychloroquine,MCF7,Hydroxychloroquine
0.311,5.4451e-8,293,ARG1,CGS001-383,96 h,LINCSKD_11845,HCC515,LINCSCP_34562,Hydroxychloroquine,MCF7,Hydroxychloroquine
0.3105,5.7589e-8,293,CD19,CGS001-930,120 h,LINCSKD_30377,VCAP,LINCSCP_34562,Hydroxychloroquine,MCF7,Hydroxychloroquine
0.3104,5.7795e-8,293,TLR9,CGS001-54106,96 h,LINCSKD_11280,HA1E,LINCSCP_34562,Hydroxychloroquine,MCF7,Hydroxychloroquine
0.3087,6.8956e-8,293,IL1B,CGS001-3553,96 h,LINCSKD_23163,MCF7,LINCSCP_34562,Hydroxychloroquine,MCF7,Hydroxychloroquine
0.3056,9.4709e-8,293,CD46,CGS001-4179,96 h,LINCSKD_12029,HCC515,LINCSCP_34562,Hydroxychloroquine,MCF7,Hydroxychloroquine
0.3043,1.0794e-7,293,CD83,CGS001-9308,96 h,LINCSKD_8567,HA1E,LINCSCP_34562,Hydroxychloroquine,MCF7,Hydroxychloroquine
0.4761,5.3286e-36,613,TLR9,CGS001-54106,96 h,LINCSKD_24311,MCF7,LINCSCP_143735,Chloroquine,MCF7,Chloroquine
0.4519,3.5396e-32,613,IL1B,CGS001-3553,96 h,LINCSKD_23163,MCF7,LINCSCP_143735,Chloroquine,MCF7,Chloroquine
0.4218,7.6522e-28,613,TLR7,CGS001-51284,96 h,LINCSKD_6832,A549,LINCSCP_143735,Chloroquine,MCF7,Chloroquine
0.4114,1.9595e-26,613,ARG1,CGS001-383,96 h,LINCSKD_11845,HCC515,LINCSCP_143735,Chloroquine,MCF7,Chloroquine
0.3989,8.0208e-25,613,CD83,CGS001-9308,144 h,LINCSKD_34124,MCF7,LINCSCP_143735,Chloroquine,MCF7,Chloroquine
0.3866,2.7782e-23,613,CD83,CGS001-9308,96 h,LINCSKD_4161,A549,LINCSCP_143735,Chloroquine,MCF7,Chloroquine
0.3719,1.5395e-21,613,CD83,CGS001-9308,96 h,LINCSKD_14984,HEPG2,LINCSCP_143735,Chloroquine,MCF7,Chloroquine
0.361,2.6442e-20,613,TLR7,CGS001-51284,96 h,LINCSKD_3222,A375,LINCSCP_143735,Chloroquine,MCF7,Chloroquine
0.3571,7.0918e-20,613,TLR7,CGS001-51284,96 h,LINCSKD_17468,HEPG2,LINCSCP_143735,Chloroquine,MCF7,Chloroquine
0.3568,7.5904e-20,613,ARG1,CGS001-383,96 h,LINCSKD_22298,MCF7,LINCSCP_143735,Chloroquine,MCF7,Chloroquine
0.4198,2.704e-9,185,CD46,CGS001-4179,96 h,LINCSKD_22488,MCF7,LINCSCP_143736,Chloroquine,MCF7,Chloroquine
0.4164,3.7442e-9,185,CD83,CGS001-9308,96 h,LINCSKD_4161,A549,LINCSCP_143736,Chloroquine,MCF7,Chloroquine
0.413,5.1611e-9,185,CD40,CGS001-958,96 h,LINCSKD_12028,HCC515,LINCSCP_143736,Chloroquine,MCF7,Chloroquine
0.4027,1.3287e-8,185,IL1B,CGS001-3553,96 h,LINCSKD_23163,MCF7,LINCSCP_143736,Chloroquine,MCF7,Chloroquine
0.3991,1.8399e-8,185,TLR7,CGS001-51284,96 h,LINCSKD_6832,A549,LINCSCP_143736,Chloroquine,MCF7,Chloroquine
0.3835,7.0956e-8,185,CD83,CGS001-9308,144 h,LINCSKD_34124,MCF7,LINCSCP_143736,Chloroquine,MCF7,Chloroquine
0.3797,9.8012e-8,185,TLR7,CGS001-51284,120 h,LINCSKD_32970,VCAP,LINCSCP_143736,Chloroquine,MCF7,Chloroquine
0.3789,1.0472e-7,185,TLR9,CGS001-54106,96 h,LINCSKD_11280,HA1E,LINCSCP_143736,Chloroquine,MCF7,Chloroquine
-0.3612,4.3787e-7,185,CTLA4,CGS001-1493,120 h,LINCSKD_30568,VCAP,LINCSCP_143736,Chloroquine,MCF7,Chloroquine
0.337,2.7312e-6,185,TNF,CGS001-7124,96 h,LINCSKD_14496,HEKTE,LINCSCP_143736,Chloroquine,MCF7,Chloroquine
0.3323,3.8057e-6,185,TLR9,CGS001-54106,96 h,LINCSKD_13861,HCC515,LINCSCP_143736,Chloroquine,MCF7,Chloroquine
0.3235,7.0779e-6,185,CD44,CGS001-960,96 h,LINCSKD_18322,HT29,LINCSCP_143736,Chloroquine,MCF7,Chloroquine
0.3153,0,185,CD46,CGS001-4179,120 h,LINCSKD_30382,VCAP,LINCSCP_143736,Chloroquine,MCF7,Chloroquine
0.3024,0,185,TLR9,CGS001-54106,96 h,LINCSKD_24311,MCF7,LINCSCP_143736,Chloroquine,MCF7,Chloroquine
0.5261,5.7754e-10,121,TNF,CGS001-7124,96 h,LINCSKD_11298,HA1E,LINCSCP_15217,Chloroquine,HA1E,Chloroquine
0.5032,4.0432e-9,121,CD81,CGS001-975,96 h,LINCSKD_22491,MCF7,LINCSCP_15217,Chloroquine,HA1E,Chloroquine
0.4575,1.326e-7,121,TNF,CGS001-7124,120 h,LINCSKD_32982,VCAP,LINCSCP_15217,Chloroquine,HA1E,Chloroquine
0.4386,4.8488e-7,121,CD81,CGS001-975,96 h,LINCSKD_18326,HT29,LINCSCP_15217,Chloroquine,HA1E,Chloroquine
0.4037,4.4057e-6,121,CD44,CGS001-960,120 h,LINCSKD_30381,VCAP,LINCSCP_15217,Chloroquine,HA1E,Chloroquine
0.3995,5.6534e-6,121,ARG1,CGS001-383,96 h,LINCSKD_7324,ASC,LINCSCP_15217,Chloroquine,HA1E,Chloroquine
0.3969,6.5883e-6,121,CTLA4,CGS001-1493,96 h,LINCSKD_18501,HT29,LINCSCP_15217,Chloroquine,HA1E,Chloroquine
0.3956,7.1035e-6,121,CD83,CGS001-9308,120 h,LINCSKD_30387,VCAP,LINCSCP_15217,Chloroquine,HA1E,Chloroquine
0.3832,0,121,IL1B,CGS001-3553,96 h,LINCSKD_9587,HA1E,LINCSCP_15217,Chloroquine,HA1E,Chloroquine
0.381,0,121,IL1B,CGS001-3553,96 h,LINCSKD_27663,PC3,LINCSCP_15217,Chloroquine,HA1E,Chloroquine
0.3745,0,121,CD19,CGS001-930,96 h,LINCSKD_8558,HA1E,LINCSCP_15217,Chloroquine,HA1E,Chloroquine
0.3645,0,121,CTLA4,CGS001-1493,96 h,LINCSKD_4348,A549,LINCSCP_15217,Chloroquine,HA1E,Chloroquine
0.362,0,121,IL6R,CGS001-3570,96 h,LINCSKD_9601,HA1E,LINCSCP_15217,Chloroquine,HA1E,Chloroquine
0.3521,1e-4,121,IL6R,CGS001-3570,96 h,LINCSKD_5166,A549,LINCSCP_15217,Chloroquine,HA1E,Chloroquine
0.3516,1e-4,121,CD46,CGS001-4179,96 h,LINCSKD_12029,HCC515,LINCSCP_15217,Chloroquine,HA1E,Chloroquine
0.3416,1e-4,121,CTLA4,CGS001-1493,120 h,LINCSKD_30568,VCAP,LINCSCP_15217,Chloroquine,HA1E,Chloroquine
0.3355,2e-4,121,IL6,CGS001-3569,96 h,LINCSKD_9600,HA1E,LINCSCP_15217,Chloroquine,HA1E,Chloroquine
0.3329,2e-4,121,CD19,CGS001-930,96 h,LINCSKD_18318,HT29,LINCSCP_15217,Chloroquine,HA1E,Chloroquine
0.4998,2.518e-7,95,CD46,CGS001-4179,96 h,LINCSKD_18323,HT29,LINCSCP_177116,Chloroquine,A375,Chloroquine
0.4969,3.0227e-7,95,CD46,CGS001-4179,120 h,LINCSKD_30382,VCAP,LINCSCP_177116,Chloroquine,A375,Chloroquine
0.492,4.1168e-7,95,IL6,CGS001-3569,96 h,LINCSKD_19255,HT29,LINCSCP_177116,Chloroquine,A375,Chloroquine
0.4074,0,95,TNF,CGS001-7124,96 h,LINCSKD_14496,HEKTE,LINCSCP_177116,Chloroquine,A375,Chloroquine
0.4022,1e-4,95,CD40,CGS001-958,96 h,LINCSKD_488,A375,LINCSCP_177116,Chloroquine,A375,Chloroquine
0.3945,1e-4,95,TNF,CGS001-7124,120 h,LINCSKD_32982,VCAP,LINCSCP_177116,Chloroquine,A375,Chloroquine
0.3732,2e-4,95,CD46,CGS001-4179,96 h,LINCSKD_22488,MCF7,LINCSCP_177116,Chloroquine,A375,Chloroquine
0.3692,2e-4,95,CD81,CGS001-975,96 h,LINCSKD_8566,HA1E,LINCSCP_177116,Chloroquine,A375,Chloroquine
0.3548,4e-4,95,CD40,CGS001-958,96 h,LINCSKD_4154,A549,LINCSCP_177116,Chloroquine,A375,Chloroquine
0.4857,4.4991e-10,147,IL6,CGS001-3569,96 h,LINCSKD_9600,HA1E,LINCSCP_209113,Chloroquine,HA1E,Chloroquine
0.4832,5.6754e-10,147,CTLA4,CGS001-1493,96 h,LINCSKD_18501,HT29,LINCSCP_209113,Chloroquine,HA1E,Chloroquine
0.4554,6.8317e-9,147,CTLA4,CGS001-1493,96 h,LINCSKD_4348,A549,LINCSCP_209113,Chloroquine,HA1E,Chloroquine
0.4355,3.5351e-8,147,CD44,CGS001-960,96 h,LINCSKD_4155,A549,LINCSCP_209113,Chloroquine,HA1E,Chloroquine
0.4327,4.4331e-8,147,CTLA4,CGS001-1493,96 h,LINCSKD_8761,HA1E,LINCSCP_209113,Chloroquine,HA1E,Chloroquine
0.4123,2.1202e-7,147,TNF,CGS001-7124,96 h,LINCSKD_11298,HA1E,LINCSCP_209113,Chloroquine,HA1E,Chloroquine
-0.3975,6.2034e-7,147,CD46,CGS001-4179,120 h,LINCSKD_30382,VCAP,LINCSCP_209113,Chloroquine,HA1E,Chloroquine
0.3861,1.364e-6,147,CD19,CGS001-930,96 h,LINCSKD_7392,ASC,LINCSCP_209113,Chloroquine,HA1E,Chloroquine
0.3831,1.6707e-6,147,CTLA4,CGS001-1493,96 h,LINCSKD_15163,HEPG2,LINCSCP_209113,Chloroquine,HA1E,Chloroquine
0.3729,3.2883e-6,147,TNF,CGS001-7124,96 h,LINCSKD_3241,A375,LINCSCP_209113,Chloroquine,HA1E,Chloroquine
0.3592,7.9e-6,147,ARG1,CGS001-383,96 h,LINCSKD_24665,NPC,LINCSCP_209113,Chloroquine,HA1E,Chloroquine
0.3566,9.2857e-6,147,IL6,CGS001-3569,96 h,LINCSKD_1543,A375,LINCSCP_209113,Chloroquine,HA1E,Chloroquine
0.3554,0,147,TNF,CGS001-7124,96 h,LINCSKD_13871,HCC515,LINCSCP_209113,Chloroquine,HA1E,Chloroquine
0.3544,0,147,CD19,CGS001-930,96 h,LINCSKD_18318,HT29,LINCSCP_209113,Chloroquine,HA1E,Chloroquine
0.3328,0,147,TNF,CGS001-7124,96 h,LINCSKD_17488,HEPG2,LINCSCP_209113,Chloroquine,HA1E,Chloroquine
0.3318,0,147,TLR7,CGS001-51284,96 h,LINCSKD_20774,HT29,LINCSCP_209113,Chloroquine,HA1E,Chloroquine
0.7443,1.9557e-14,75,TNF,CGS001-7124,96 h,LINCSKD_24319,MCF7,LINCSCP_236537,Chloroquine,MCF7,Chloroquine
0.6049,9.0406e-9,75,CD40,CGS001-958,96 h,LINCSKD_22487,MCF7,LINCSCP_236537,Chloroquine,MCF7,Chloroquine
0.6005,1.2311e-8,75,CTLA4,CGS001-1493,96 h,LINCSKD_27056,PC3,LINCSCP_236537,Chloroquine,MCF7,Chloroquine
0.5877,2.9648e-8,75,IL1B,CGS001-3553,96 h,LINCSKD_9587,HA1E,LINCSCP_236537,Chloroquine,MCF7,Chloroquine
0.5685,1.0358e-7,75,TNF,CGS001-7124,96 h,LINCSKD_3241,A375,LINCSCP_236537,Chloroquine,MCF7,Chloroquine
0.5605,1.7031e-7,75,CD81,CGS001-975,96 h,LINCSKD_18326,HT29,LINCSCP_236537,Chloroquine,MCF7,Chloroquine
0.5198,1.7617e-6,75,CD44,CGS001-960,96 h,LINCSKD_24747,NPC,LINCSCP_236537,Chloroquine,MCF7,Chloroquine
0.5188,1.8597e-6,75,TLR7,CGS001-51284,96 h,LINCSKD_20774,HT29,LINCSCP_236537,Chloroquine,MCF7,Chloroquine
0.5184,1.9011e-6,75,TNF,CGS001-7124,120 h,LINCSKD_32982,VCAP,LINCSCP_236537,Chloroquine,MCF7,Chloroquine
0.5093,3.0677e-6,75,TNF,CGS001-7124,96 h,LINCSKD_28936,PC3,LINCSCP_236537,Chloroquine,MCF7,Chloroquine
0.5027,4.3097e-6,75,IL6R,CGS001-3570,96 h,LINCSKD_9601,HA1E,LINCSCP_236537,Chloroquine,MCF7,Chloroquine
0.5027,4.3113e-6,75,CD19,CGS001-930,96 h,LINCSKD_18318,HT29,LINCSCP_236537,Chloroquine,MCF7,Chloroquine
-0.4942,6.6068e-6,75,ARG1,CGS001-383,96 h,LINCSKD_189,A375,LINCSCP_236537,Chloroquine,MCF7,Chloroquine
0.493,7.0025e-6,75,CD81,CGS001-975,96 h,LINCSKD_496,A375,LINCSCP_236537,Chloroquine,MCF7,Chloroquine
0.6341,2.2319e-19,160,TNF,CGS001-7124,96 h,LINCSKD_24319,MCF7,LINCSCP_236622,Chloroquine,MCF7,Chloroquine
0.5665,5.7928e-15,160,IL6,CGS001-3569,96 h,LINCSKD_9600,HA1E,LINCSCP_236622,Chloroquine,MCF7,Chloroquine
0.5657,6.4442e-15,160,TNF,CGS001-7124,96 h,LINCSKD_3241,A375,LINCSCP_236622,Chloroquine,MCF7,Chloroquine
0.5596,1.4419e-14,160,TNF,CGS001-7124,96 h,LINCSKD_11298,HA1E,LINCSCP_236622,Chloroquine,MCF7,Chloroquine
0.5474,6.8612e-14,160,CTLA4,CGS001-1493,120 h,LINCSKD_30568,VCAP,LINCSCP_236622,Chloroquine,MCF7,Chloroquine
0.5289,6.5378e-13,160,CD81,CGS001-975,96 h,LINCSKD_18326,HT29,LINCSCP_236622,Chloroquine,MCF7,Chloroquine
0.5092,6.1716e-12,160,CD44,CGS001-960,96 h,LINCSKD_24747,NPC,LINCSCP_236622,Chloroquine,MCF7,Chloroquine
0.5037,1.1245e-11,160,CTLA4,CGS001-1493,96 h,LINCSKD_18501,HT29,LINCSCP_236622,Chloroquine,MCF7,Chloroquine
0.4645,6.1375e-10,160,CTLA4,CGS001-1493,96 h,LINCSKD_4348,A549,LINCSCP_236622,Chloroquine,MCF7,Chloroquine
0.4576,1.1713e-9,160,CD44,CGS001-960,96 h,LINCSKD_4155,A549,LINCSCP_236622,Chloroquine,MCF7,Chloroquine
-0.4456,3.5449e-9,160,TLR9,CGS001-54106,96 h,LINCSKD_24311,MCF7,LINCSCP_236622,Chloroquine,MCF7,Chloroquine
0.4445,3.8965e-9,160,CD46,CGS001-4179,96 h,LINCSKD_4156,A549,LINCSCP_236622,Chloroquine,MCF7,Chloroquine
0.4392,6.2443e-9,160,CD44,CGS001-960,120 h,LINCSKD_30381,VCAP,LINCSCP_236622,Chloroquine,MCF7,Chloroquine
0.43120000000000003,1.2507e-8,160,CD81,CGS001-975,96 h,LINCSKD_4160,A549,LINCSCP_236622,Chloroquine,MCF7,Chloroquine
-0.4225,2.609e-8,160,ARG1,CGS001-383,96 h,LINCSKD_189,A375,LINCSCP_236622,Chloroquine,MCF7,Chloroquine
0.4202,3.1813e-8,160,CD46,CGS001-4179,96 h,LINCSKD_490,A375,LINCSCP_236622,Chloroquine,MCF7,Chloroquine
0.4161,4.43e-8,160,IL6,CGS001-3569,96 h,LINCSKD_12722,HCC515,LINCSCP_236622,Chloroquine,MCF7,Chloroquine
0.4134,5.5446e-8,160,CD19,CGS001-930,96 h,LINCSKD_18318,HT29,LINCSCP_236622,Chloroquine,MCF7,Chloroquine
0.4383,1.2734e-14,281,CD19,CGS001-930,96 h,LINCSKD_7392,ASC,LINCSCP_243919,Chloroquine,MCF7,Chloroquine
0.4225,1.3649e-13,281,CD44,CGS001-960,120 h,LINCSKD_30381,VCAP,LINCSCP_243919,Chloroquine,MCF7,Chloroquine
0.4106,7.406e-13,281,TNF,CGS001-7124,96 h,LINCSKD_24319,MCF7,LINCSCP_243919,Chloroquine,MCF7,Chloroquine
0.408,1.0724e-12,281,CTLA4,CGS001-1493,120 h,LINCSKD_30568,VCAP,LINCSCP_243919,Chloroquine,MCF7,Chloroquine
0.3971,4.7609e-12,281,ARG1,CGS001-383,120 h,LINCSKD_30117,VCAP,LINCSCP_243919,Chloroquine,MCF7,Chloroquine
0.3916,9.8507e-12,281,CTLA4,CGS001-1493,96 h,LINCSKD_27056,PC3,LINCSCP_243919,Chloroquine,MCF7,Chloroquine
-0.3909,1.0715e-11,281,CD83,CGS001-9308,96 h,LINCSKD_497,A375,LINCSCP_243919,Chloroquine,MCF7,Chloroquine
0.3718,1.2243e-10,281,CD40,CGS001-958,96 h,LINCSKD_4154,A549,LINCSCP_243919,Chloroquine,MCF7,Chloroquine
0.3654,2.6656e-10,281,TNF,CGS001-7124,96 h,LINCSKD_11298,HA1E,LINCSCP_243919,Chloroquine,MCF7,Chloroquine
0.5065,7.8686e-10,130,CD44,CGS001-960,96 h,LINCSKD_24747,NPC,LINCSCP_250978,Chloroquine,MCF7,Chloroquine
0.4591,3.9411e-8,130,CD19,CGS001-930,96 h,LINCSKD_18318,HT29,LINCSCP_250978,Chloroquine,MCF7,Chloroquine
0.4294,3.4285e-7,130,CD44,CGS001-960,120 h,LINCSKD_30381,VCAP,LINCSCP_250978,Chloroquine,MCF7,Chloroquine
0.4201,6.5183e-7,130,IL1B,CGS001-3553,96 h,LINCSKD_9587,HA1E,LINCSCP_250978,Chloroquine,MCF7,Chloroquine
0.4041,1.8603e-6,130,CTLA4,CGS001-1493,96 h,LINCSKD_18501,HT29,LINCSCP_250978,Chloroquine,MCF7,Chloroquine
0.4024,2.0796e-6,130,CD46,CGS001-4179,96 h,LINCSKD_22488,MCF7,LINCSCP_250978,Chloroquine,MCF7,Chloroquine
0.3525,0,130,CTLA4,CGS001-1493,96 h,LINCSKD_4348,A549,LINCSCP_250978,Chloroquine,MCF7,Chloroquine
0.335,1e-4,130,CD19,CGS001-930,96 h,LINCSKD_14975,HEPG2,LINCSCP_250978,Chloroquine,MCF7,Chloroquine
0.3338,1e-4,130,ARG1,CGS001-383,96 h,LINCSKD_24665,NPC,LINCSCP_250978,Chloroquine,MCF7,Chloroquine
0.314,3e-4,130,CD46,CGS001-4179,96 h,LINCSKD_4156,A549,LINCSCP_250978,Chloroquine,MCF7,Chloroquine
0.3106,3e-4,130,CD46,CGS001-4179,96 h,LINCSKD_26918,PC3,LINCSCP_250978,Chloroquine,MCF7,Chloroquine
0.3073,4e-4,130,CTLA4,CGS001-1493,96 h,LINCSKD_27056,PC3,LINCSCP_250978,Chloroquine,MCF7,Chloroquine
0.3017,5e-4,130,TNF,CGS001-7124,96 h,LINCSKD_28936,PC3,LINCSCP_250978,Chloroquine,MCF7,Chloroquine
0.4889,3.5981e-13,196,CD46,CGS001-4179,96 h,LINCSKD_12029,HCC515,LINCSCP_250979,Chloroquine,MCF7,Chloroquine
0.383,3.0175e-8,196,CD44,CGS001-960,96 h,LINCSKD_4155,A549,LINCSCP_250979,Chloroquine,MCF7,Chloroquine
0.3479,5.837e-7,196,IL1B,CGS001-3553,96 h,LINCSKD_15912,HEPG2,LINCSCP_250979,Chloroquine,MCF7,Chloroquine
0.3073,0,196,IL6,CGS001-3569,96 h,LINCSKD_5165,A549,LINCSCP_250979,Chloroquine,MCF7,Chloroquine
0.3052,0,196,CD19,CGS001-930,96 h,LINCSKD_12026,HCC515,LINCSCP_250979,Chloroquine,MCF7,Chloroquine
0.2889,0,196,TNF,CGS001-7124,96 h,LINCSKD_24319,MCF7,LINCSCP_250979,Chloroquine,MCF7,Chloroquine
0.2812,1e-4,196,CD46,CGS001-4179,96 h,LINCSKD_26918,PC3,LINCSCP_250979,Chloroquine,MCF7,Chloroquine
0.2765,1e-4,196,CD46,CGS001-4179,96 h,LINCSKD_4156,A549,LINCSCP_250979,Chloroquine,MCF7,Chloroquine
0.2709,1e-4,196,CD83,CGS001-9308,120 h,LINCSKD_30387,VCAP,LINCSCP_250979,Chloroquine,MCF7,Chloroquine
0.2665,2e-4,196,CD44,CGS001-960,120 h,LINCSKD_30381,VCAP,LINCSCP_250979,Chloroquine,MCF7,Chloroquine
0.2661,2e-4,196,IL6,CGS001-3569,96 h,LINCSKD_1543,A375,LINCSCP_250979,Chloroquine,MCF7,Chloroquine
0.254,3e-4,196,ARG1,CGS001-383,96 h,LINCSKD_24665,NPC,LINCSCP_250979,Chloroquine,MCF7,Chloroquine
0.2439,6e-4,196,CD44,CGS001-960,96 h,LINCSKD_24747,NPC,LINCSCP_250979,Chloroquine,MCF7,Chloroquine
0.4675,1.2812e-13,225,CD46,CGS001-4179,96 h,LINCSKD_4156,A549,LINCSCP_250983,Chloroquine,MCF7,Chloroquine
0.4566,5.4907e-13,225,CD19,CGS001-930,96 h,LINCSKD_18318,HT29,LINCSCP_250983,Chloroquine,MCF7,Chloroquine
0.453,8.7967e-13,225,CD46,CGS001-4179,96 h,LINCSKD_12029,HCC515,LINCSCP_250983,Chloroquine,MCF7,Chloroquine
0.4296,1.6132e-11,225,IL1B,CGS001-3553,96 h,LINCSKD_9587,HA1E,LINCSCP_250983,Chloroquine,MCF7,Chloroquine
0.4062,2.3806e-10,225,CTLA4,CGS001-1493,96 h,LINCSKD_18501,HT29,LINCSCP_250983,Chloroquine,MCF7,Chloroquine
0.4041,2.9947e-10,225,IL6,CGS001-3569,96 h,LINCSKD_9600,HA1E,LINCSCP_250983,Chloroquine,MCF7,Chloroquine
0.3994,5.0262e-10,225,TNF,CGS001-7124,96 h,LINCSKD_24319,MCF7,LINCSCP_250983,Chloroquine,MCF7,Chloroquine
0.3729,7.8257e-9,225,TNF,CGS001-7124,96 h,LINCSKD_3241,A375,LINCSCP_250983,Chloroquine,MCF7,Chloroquine
0.3725,8.1689e-9,225,CD81,CGS001-975,96 h,LINCSKD_14983,HEPG2,LINCSCP_250983,Chloroquine,MCF7,Chloroquine
0.3649,1.7154e-8,225,CD46,CGS001-4179,96 h,LINCSKD_490,A375,LINCSCP_250983,Chloroquine,MCF7,Chloroquine
0.3557,4.0947e-8,225,CD83,CGS001-9308,120 h,LINCSKD_30387,VCAP,LINCSCP_250983,Chloroquine,MCF7,Chloroquine
0.3445,1.1418e-7,225,CD46,CGS001-4179,120 h,LINCSKD_30382,VCAP,LINCSCP_250983,Chloroquine,MCF7,Chloroquine
0.3421,1.4189e-7,225,TNF,CGS001-7124,96 h,LINCSKD_11298,HA1E,LINCSCP_250983,Chloroquine,MCF7,Chloroquine
0.3316,3.5719e-7,225,IL6,CGS001-3569,96 h,LINCSKD_12722,HCC515,LINCSCP_250983,Chloroquine,MCF7,Chloroquine
0.3258,5.8369e-7,225,CTLA4,CGS001-1493,96 h,LINCSKD_4348,A549,LINCSCP_250983,Chloroquine,MCF7,Chloroquine
0.3209,8.7735e-7,225,ARG1,CGS001-383,96 h,LINCSKD_7324,ASC,LINCSCP_250983,Chloroquine,MCF7,Chloroquine
0.3197,9.6557e-7,225,CTLA4,CGS001-1493,120 h,LINCSKD_30568,VCAP,LINCSCP_250983,Chloroquine,MCF7,Chloroquine
0.3169,1.2183e-6,225,TNF,CGS001-7124,96 h,LINCSKD_17488,HEPG2,LINCSCP_250983,Chloroquine,MCF7,Chloroquine
0.3145,1.4804e-6,225,TNF,CGS001-7124,96 h,LINCSKD_14496,HEKTE,LINCSCP_250983,Chloroquine,MCF7,Chloroquine
0.3113,1.9171e-6,225,ARG1,CGS001-383,120 h,LINCSKD_30117,VCAP,LINCSCP_250983,Chloroquine,MCF7,Chloroquine
0.3084,2.4155e-6,225,CTLA4,CGS001-1493,96 h,LINCSKD_27056,PC3,LINCSCP_250983,Chloroquine,MCF7,Chloroquine
0.4711,1.9576e-9,146,TNF,CGS001-7124,96 h,LINCSKD_28936,PC3,LINCSCP_251142,Chloroquine,MCF7,Chloroquine
0.4478,1.4515e-8,146,TNF,CGS001-7124,96 h,LINCSKD_13871,HCC515,LINCSCP_251142,Chloroquine,MCF7,Chloroquine
0.4344,4.2965e-8,146,CD46,CGS001-4179,96 h,LINCSKD_22488,MCF7,LINCSCP_251142,Chloroquine,MCF7,Chloroquine
0.4045,4.1199e-7,146,TLR7,CGS001-51284,96 h,LINCSKD_11278,HA1E,LINCSCP_251142,Chloroquine,MCF7,Chloroquine
0.4011,5.2571e-7,146,CD83,CGS001-9308,96 h,LINCSKD_8567,HA1E,LINCSCP_251142,Chloroquine,MCF7,Chloroquine
0.3693,4.5043e-6,146,CD83,CGS001-9308,144 h,LINCSKD_34124,MCF7,LINCSCP_251142,Chloroquine,MCF7,Chloroquine
0.365,5.8929e-6,146,TLR7,CGS001-51284,96 h,LINCSKD_6832,A549,LINCSCP_251142,Chloroquine,MCF7,Chloroquine
-0.3609,7.6328e-6,146,CD83,CGS001-9308,120 h,LINCSKD_30387,VCAP,LINCSCP_251142,Chloroquine,MCF7,Chloroquine
0.3537,0,146,CD19,CGS001-930,96 h,LINCSKD_29423,SKL,LINCSCP_251142,Chloroquine,MCF7,Chloroquine
0.3422,0,146,TNF,CGS001-7124,96 h,LINCSKD_14496,HEKTE,LINCSCP_251142,Chloroquine,MCF7,Chloroquine
-0.333,0,146,CTLA4,CGS001-1493,120 h,LINCSKD_30568,VCAP,LINCSCP_251142,Chloroquine,MCF7,Chloroquine
0.3327,0,146,CD81,CGS001-975,120 h,LINCSKD_30386,VCAP,LINCSCP_251142,Chloroquine,MCF7,Chloroquine
0.33,0,146,TLR7,CGS001-51284,96 h,LINCSKD_3222,A375,LINCSCP_251142,Chloroquine,MCF7,Chloroquine
0.3231,1e-4,146,IL6,CGS001-3569,120 h,LINCSKD_31339,VCAP,LINCSCP_251142,Chloroquine,MCF7,Chloroquine
0.527,8.6163e-38,510,TNF,CGS001-7124,96 h,LINCSKD_11298,HA1E,LINCSCP_251144,Chloroquine,MCF7,Chloroquine
0.5262,1.1560000000000001e-37,510,ARG1,CGS001-383,96 h,LINCSKD_7324,ASC,LINCSCP_251144,Chloroquine,MCF7,Chloroquine
0.5182,2.1822e-36,510,CTLA4,CGS001-1493,120 h,LINCSKD_30568,VCAP,LINCSCP_251144,Chloroquine,MCF7,Chloroquine
0.5063,1.4912e-34,510,IL6,CGS001-3569,96 h,LINCSKD_9600,HA1E,LINCSCP_251144,Chloroquine,MCF7,Chloroquine
0.4921,1.8553e-32,510,TNF,CGS001-7124,96 h,LINCSKD_3241,A375,LINCSCP_251144,Chloroquine,MCF7,Chloroquine
0.4662,7.0449e-29,510,TNF,CGS001-7124,96 h,LINCSKD_24319,MCF7,LINCSCP_251144,Chloroquine,MCF7,Chloroquine
0.4638,1.4296e-28,510,IL6R,CGS001-3570,96 h,LINCSKD_9601,HA1E,LINCSCP_251144,Chloroquine,MCF7,Chloroquine
0.4511,6.3055e-27,510,CD81,CGS001-975,96 h,LINCSKD_18326,HT29,LINCSCP_251144,Chloroquine,MCF7,Chloroquine
0.4342,7.2838e-25,510,CD81,CGS001-975,96 h,LINCSKD_14983,HEPG2,LINCSCP_251144,Chloroquine,MCF7,Chloroquine
0.4048,1.5703e-21,510,CD44,CGS001-960,120 h,LINCSKD_30381,VCAP,LINCSCP_251144,Chloroquine,MCF7,Chloroquine
0.3951,1.6875e-20,510,CTLA4,CGS001-1493,96 h,LINCSKD_4348,A549,LINCSCP_251144,Chloroquine,MCF7,Chloroquine
0.3872,1.0848e-19,510,ARG1,CGS001-383,120 h,LINCSKD_30117,VCAP,LINCSCP_251144,Chloroquine,MCF7,Chloroquine
0.489,5.9381e-16,242,TLR7,CGS001-51284,96 h,LINCSKD_17468,HEPG2,LINCSCP_251145,Chloroquine,MCF7,Chloroquine
0.4612,3.7914e-14,242,TLR7,CGS001-51284,96 h,LINCSKD_6832,A549,LINCSCP_251145,Chloroquine,MCF7,Chloroquine
0.4281,3.3045e-12,242,CD83,CGS001-9308,96 h,LINCSKD_14984,HEPG2,LINCSCP_251145,Chloroquine,MCF7,Chloroquine
0.4273,3.6695e-12,242,IL1B,CGS001-3553,96 h,LINCSKD_23163,MCF7,LINCSCP_251145,Chloroquine,MCF7,Chloroquine
0.4266,4.0198e-12,242,CD40,CGS001-958,96 h,LINCSKD_14212,HEKTE,LINCSCP_251145,Chloroquine,MCF7,Chloroquine
0.4245,5.2771e-12,242,TLR9,CGS001-54106,96 h,LINCSKD_24311,MCF7,LINCSCP_251145,Chloroquine,MCF7,Chloroquine
0.4206,8.6061e-12,242,TLR7,CGS001-51284,96 h,LINCSKD_11278,HA1E,LINCSCP_251145,Chloroquine,MCF7,Chloroquine
-0.3921,2.5754e-10,242,ARG1,CGS001-383,96 h,LINCSKD_7324,ASC,LINCSCP_251145,Chloroquine,MCF7,Chloroquine
-0.3884,3.9137e-10,242,CD44,CGS001-960,120 h,LINCSKD_30381,VCAP,LINCSCP_251145,Chloroquine,MCF7,Chloroquine
0.3852,5.5493e-10,242,CD83,CGS001-9308,96 h,LINCSKD_497,A375,LINCSCP_251145,Chloroquine,MCF7,Chloroquine
0.3808,9.0728e-10,242,TLR9,CGS001-54106,96 h,LINCSKD_13861,HCC515,LINCSCP_251145,Chloroquine,MCF7,Chloroquine
-0.3806,9.2452e-10,242,CTLA4,CGS001-1493,120 h,LINCSKD_30568,VCAP,LINCSCP_251145,Chloroquine,MCF7,Chloroquine
-0.3804,9.401e-10,242,TNF,CGS001-7124,96 h,LINCSKD_11298,HA1E,LINCSCP_251145,Chloroquine,MCF7,Chloroquine
0.3745,1.7807e-9,242,CD83,CGS001-9308,144 h,LINCSKD_34124,MCF7,LINCSCP_251145,Chloroquine,MCF7,Chloroquine
0.3566,1.1491e-8,242,TLR7,CGS001-51284,96 h,LINCSKD_3222,A375,LINCSCP_251145,Chloroquine,MCF7,Chloroquine
0.3518,1.8613e-8,242,TLR9,CGS001-54106,96 h,LINCSKD_11280,HA1E,LINCSCP_251145,Chloroquine,MCF7,Chloroquine
0.349,2.4503e-8,242,CD40,CGS001-958,96 h,LINCSKD_12028,HCC515,LINCSCP_251145,Chloroquine,MCF7,Chloroquine
0.4888,2.7492e-9,132,TNF,CGS001-7124,96 h,LINCSKD_28936,PC3,LINCSCP_251146,Chloroquine,MCF7,Chloroquine
0.4845,3.938e-9,132,CD46,CGS001-4179,96 h,LINCSKD_12029,HCC515,LINCSCP_251146,Chloroquine,MCF7,Chloroquine
0.4725,1.0643e-8,132,TNF,CGS001-7124,96 h,LINCSKD_14496,HEKTE,LINCSCP_251146,Chloroquine,MCF7,Chloroquine
0.4026,1.7029e-6,132,IL1B,CGS001-3553,96 h,LINCSKD_9587,HA1E,LINCSCP_251146,Chloroquine,MCF7,Chloroquine
0.3985,2.2229e-6,132,TLR9,CGS001-54106,96 h,LINCSKD_24311,MCF7,LINCSCP_251146,Chloroquine,MCF7,Chloroquine
0.3902,3.7383e-6,132,CD19,CGS001-930,96 h,LINCSKD_12026,HCC515,LINCSCP_251146,Chloroquine,MCF7,Chloroquine
0.3846,5.2785e-6,132,CD19,CGS001-930,96 h,LINCSKD_29423,SKL,LINCSCP_251146,Chloroquine,MCF7,Chloroquine
0.3846,5.2968e-6,132,IL1B,CGS001-3553,96 h,LINCSKD_23163,MCF7,LINCSCP_251146,Chloroquine,MCF7,Chloroquine
0.3811,6.5558e-6,132,CD44,CGS001-960,96 h,LINCSKD_4155,A549,LINCSCP_251146,Chloroquine,MCF7,Chloroquine
0.3567,0,132,ARG1,CGS001-383,96 h,LINCSKD_24665,NPC,LINCSCP_251146,Chloroquine,MCF7,Chloroquine
0.3566,0,132,TLR9,CGS001-54106,96 h,LINCSKD_13861,HCC515,LINCSCP_251146,Chloroquine,MCF7,Chloroquine
0.3506,0,132,TLR7,CGS001-51284,96 h,LINCSKD_6832,A549,LINCSCP_251146,Chloroquine,MCF7,Chloroquine
0.3461,0,132,CD40,CGS001-958,96 h,LINCSKD_12028,HCC515,LINCSCP_251146,Chloroquine,MCF7,Chloroquine
0.3401,1e-4,132,CD83,CGS001-9308,144 h,LINCSKD_34124,MCF7,LINCSCP_251146,Chloroquine,MCF7,Chloroquine
0.5183,4.6385e-11,141,ARG1,CGS001-383,96 h,LINCSKD_11845,HCC515,LINCSCP_36225,Chloroquine,MCF7,Chloroquine
0.4645,6.5291e-9,141,TLR7,CGS001-51284,96 h,LINCSKD_6832,A549,LINCSCP_36225,Chloroquine,MCF7,Chloroquine
0.4534,1.6431e-8,141,ARG1,CGS001-383,96 h,LINCSKD_24665,NPC,LINCSCP_36225,Chloroquine,MCF7,Chloroquine
0.4292,1.0904e-7,141,CD83,CGS001-9308,96 h,LINCSKD_8567,HA1E,LINCSCP_36225,Chloroquine,MCF7,Chloroquine
0.4277,1.2239e-7,141,TLR9,CGS001-54106,96 h,LINCSKD_24311,MCF7,LINCSCP_36225,Chloroquine,MCF7,Chloroquine
0.4215,1.9447e-7,141,CD19,CGS001-930,120 h,LINCSKD_30377,VCAP,LINCSCP_36225,Chloroquine,MCF7,Chloroquine
0.4014,8.1209e-7,141,CD40,CGS001-958,96 h,LINCSKD_14212,HEKTE,LINCSCP_36225,Chloroquine,MCF7,Chloroquine
0.3982,1.0102e-6,141,CD83,CGS001-9308,144 h,LINCSKD_34124,MCF7,LINCSCP_36225,Chloroquine,MCF7,Chloroquine
0.3928,1.4533e-6,141,CD83,CGS001-9308,96 h,LINCSKD_14984,HEPG2,LINCSCP_36225,Chloroquine,MCF7,Chloroquine
0.3908,1.6543e-6,141,TLR7,CGS001-51284,96 h,LINCSKD_3222,A375,LINCSCP_36225,Chloroquine,MCF7,Chloroquine
0.3741,4.8706e-6,141,IL1B,CGS001-3553,96 h,LINCSKD_23163,MCF7,LINCSCP_36225,Chloroquine,MCF7,Chloroquine
0.3663,7.944e-6,141,CD44,CGS001-960,96 h,LINCSKD_18322,HT29,LINCSCP_36225,Chloroquine,MCF7,Chloroquine
-0.3649,8.6577e-6,141,TNF,CGS001-7124,96 h,LINCSKD_3241,A375,LINCSCP_36225,Chloroquine,MCF7,Chloroquine
-0.3611,0,141,IL6,CGS001-3569,96 h,LINCSKD_9600,HA1E,LINCSCP_36225,Chloroquine,MCF7,Chloroquine
0.5862,3.6021e-7,64,TNF,CGS001-7124,96 h,LINCSKD_14496,HEKTE,LINCSCP_36350,Chloroquine,MCF7,Chloroquine
0.5807,4.9023e-7,64,CD46,CGS001-4179,96 h,LINCSKD_26918,PC3,LINCSCP_36350,Chloroquine,MCF7,Chloroquine
0.566,1.0918e-6,64,TLR9,CGS001-54106,120 h,LINCSKD_32971,VCAP,LINCSCP_36350,Chloroquine,MCF7,Chloroquine
0.5306,6.4822e-6,64,ARG1,CGS001-383,96 h,LINCSKD_24665,NPC,LINCSCP_36350,Chloroquine,MCF7,Chloroquine
0.526,8.0597e-6,64,TLR9,CGS001-54106,96 h,LINCSKD_13861,HCC515,LINCSCP_36350,Chloroquine,MCF7,Chloroquine
0.503,0,64,TLR9,CGS001-54106,96 h,LINCSKD_28926,PC3,LINCSCP_36350,Chloroquine,MCF7,Chloroquine
-0.4853,0,64,CD44,CGS001-960,144 h,LINCSKD_34122,MCF7,LINCSCP_36350,Chloroquine,MCF7,Chloroquine
0.4779,1e-4,64,CTLA4,CGS001-1493,120 h,LINCSKD_30568,VCAP,LINCSCP_36350,Chloroquine,MCF7,Chloroquine
0.4742,1e-4,64,TNF,CGS001-7124,96 h,LINCSKD_28936,PC3,LINCSCP_36350,Chloroquine,MCF7,Chloroquine
0.4403,3e-4,64,IL1B,CGS001-3553,96 h,LINCSKD_19243,HT29,LINCSCP_36350,Chloroquine,MCF7,Chloroquine
0.4164,6e-4,64,CD46,CGS001-4179,96 h,LINCSKD_4156,A549,LINCSCP_36350,Chloroquine,MCF7,Chloroquine
0.4153,6e-4,64,TLR7,CGS001-51284,96 h,LINCSKD_11278,HA1E,LINCSCP_36350,Chloroquine,MCF7,Chloroquine
-0.6932,3.7524e-46,313,CTLA4,CGS001-1493,120 h,LINCSKD_30568,VCAP,LINCSCP_36351,Chloroquine,MCF7,Chloroquine
0.6381,3.4161e-37,313,TLR9,CGS001-54106,96 h,LINCSKD_11280,HA1E,LINCSCP_36351,Chloroquine,MCF7,Chloroquine
0.6236,4.0131e-35,313,ARG1,CGS001-383,96 h,LINCSKD_11845,HCC515,LINCSCP_36351,Chloroquine,MCF7,Chloroquine
-0.5901,9.441e-31,313,TNF,CGS001-7124,96 h,LINCSKD_24319,MCF7,LINCSCP_36351,Chloroquine,MCF7,Chloroquine
0.5875,1.98e-30,313,TLR7,CGS001-51284,96 h,LINCSKD_6832,A549,LINCSCP_36351,Chloroquine,MCF7,Chloroquine
0.5754,5.444e-29,313,CD83,CGS001-9308,96 h,LINCSKD_497,A375,LINCSCP_36351,Chloroquine,MCF7,Chloroquine
-0.5691,2.9185e-28,313,TNF,CGS001-7124,96 h,LINCSKD_11298,HA1E,LINCSCP_36351,Chloroquine,MCF7,Chloroquine
0.5603,2.8409e-27,313,TLR9,CGS001-54106,96 h,LINCSKD_24311,MCF7,LINCSCP_36351,Chloroquine,MCF7,Chloroquine
0.557,6.6752e-27,313,CD83,CGS001-9308,96 h,LINCSKD_14984,HEPG2,LINCSCP_36351,Chloroquine,MCF7,Chloroquine
-0.5566,7.3772e-27,313,TNF,CGS001-7124,96 h,LINCSKD_3241,A375,LINCSCP_36351,Chloroquine,MCF7,Chloroquine
0.5501,3.6914e-26,313,ARG1,CGS001-383,96 h,LINCSKD_8268,HA1E,LINCSCP_36351,Chloroquine,MCF7,Chloroquine
0.5459,1.0554e-25,313,CD40,CGS001-958,96 h,LINCSKD_12028,HCC515,LINCSCP_36351,Chloroquine,MCF7,Chloroquine
0.541,3.3879e-25,313,CD44,CGS001-960,96 h,LINCSKD_18322,HT29,LINCSCP_36351,Chloroquine,MCF7,Chloroquine
0.5275,8.0972e-24,313,IL1B,CGS001-3553,96 h,LINCSKD_23163,MCF7,LINCSCP_36351,Chloroquine,MCF7,Chloroquine
0.5268,9.4231e-24,313,CD19,CGS001-930,120 h,LINCSKD_30377,VCAP,LINCSCP_36351,Chloroquine,MCF7,Chloroquine
0.524,1.8114e-23,313,TLR7,CGS001-51284,96 h,LINCSKD_17468,HEPG2,LINCSCP_36351,Chloroquine,MCF7,Chloroquine
0.5234,2.053e-23,313,TLR9,CGS001-54106,96 h,LINCSKD_6834,A549,LINCSCP_36351,Chloroquine,MCF7,Chloroquine
0.5204,4.0022e-23,313,CD40,CGS001-958,96 h,LINCSKD_14212,HEKTE,LINCSCP_36351,Chloroquine,MCF7,Chloroquine
0.5027,1.8905e-21,313,CD83,CGS001-9308,96 h,LINCSKD_8567,HA1E,LINCSCP_36351,Chloroquine,MCF7,Chloroquine
-0.5006,2.9363e-21,313,CD44,CGS001-960,120 h,LINCSKD_30381,VCAP,LINCSCP_36351,Chloroquine,MCF7,Chloroquine
-0.5,3.3666e-21,313,CD81,CGS001-975,96 h,LINCSKD_18326,HT29,LINCSCP_36351,Chloroquine,MCF7,Chloroquine
0.551,4.828e-11,122,IL6R,CGS001-3570,96 h,LINCSKD_9601,HA1E,LINCSCP_44520,Chloroquine,PC3,Chloroquine
0.5126,1.5784e-9,122,CD46,CGS001-4179,96 h,LINCSKD_4156,A549,LINCSCP_44520,Chloroquine,PC3,Chloroquine
0.4882,1.1671e-8,122,TNF,CGS001-7124,96 h,LINCSKD_11298,HA1E,LINCSCP_44520,Chloroquine,PC3,Chloroquine
0.478,2.5826e-8,122,CD46,CGS001-4179,96 h,LINCSKD_18323,HT29,LINCSCP_44520,Chloroquine,PC3,Chloroquine
0.4706,4.4998e-8,122,CTLA4,CGS001-1493,96 h,LINCSKD_27056,PC3,LINCSCP_44520,Chloroquine,PC3,Chloroquine
0.4432,3.1792e-7,122,TNF,CGS001-7124,96 h,LINCSKD_28936,PC3,LINCSCP_44520,Chloroquine,PC3,Chloroquine
0.4417,3.5186e-7,122,IL6,CGS001-3569,96 h,LINCSKD_9600,HA1E,LINCSCP_44520,Chloroquine,PC3,Chloroquine
0.4402,3.9134e-7,122,CD44,CGS001-960,96 h,LINCSKD_489,A375,LINCSCP_44520,Chloroquine,PC3,Chloroquine
0.44,3.9672e-7,122,CTLA4,CGS001-1493,96 h,LINCSKD_18501,HT29,LINCSCP_44520,Chloroquine,PC3,Chloroquine
0.4387,4.3063e-7,122,CD44,CGS001-960,96 h,LINCSKD_4155,A549,LINCSCP_44520,Chloroquine,PC3,Chloroquine
0.4241,1.1248e-6,122,TNF,CGS001-7124,96 h,LINCSKD_24319,MCF7,LINCSCP_44520,Chloroquine,PC3,Chloroquine
0.4118,2.4416e-6,122,IL1B,CGS001-3553,96 h,LINCSKD_9587,HA1E,LINCSCP_44520,Chloroquine,PC3,Chloroquine
0.4636,1.162e-8,137,CTLA4,CGS001-1493,96 h,LINCSKD_27056,PC3,LINCSCP_45100,Chloroquine,PC3,Chloroquine
0.4439,5.524e-8,137,CD46,CGS001-4179,96 h,LINCSKD_18323,HT29,LINCSCP_45100,Chloroquine,PC3,Chloroquine
0.3984,1.4233e-6,137,CD81,CGS001-975,96 h,LINCSKD_496,A375,LINCSCP_45100,Chloroquine,PC3,Chloroquine
0.3782,5.1922e-6,137,TNF,CGS001-7124,96 h,LINCSKD_24319,MCF7,LINCSCP_45100,Chloroquine,PC3,Chloroquine
0.3692,9.0139e-6,137,ARG1,CGS001-383,120 h,LINCSKD_30117,VCAP,LINCSCP_45100,Chloroquine,PC3,Chloroquine
0.3589,0,137,TNF,CGS001-7124,96 h,LINCSKD_3241,A375,LINCSCP_45100,Chloroquine,PC3,Chloroquine
0.3437,0,137,TLR7,CGS001-51284,96 h,LINCSKD_20774,HT29,LINCSCP_45100,Chloroquine,PC3,Chloroquine
0.3433,0,137,CD19,CGS001-930,96 h,LINCSKD_7392,ASC,LINCSCP_45100,Chloroquine,PC3,Chloroquine
0.3431,0,137,CD46,CGS001-4179,96 h,LINCSKD_26918,PC3,LINCSCP_45100,Chloroquine,PC3,Chloroquine
0.3189,1e-4,137,CD81,CGS001-975,96 h,LINCSKD_18326,HT29,LINCSCP_45100,Chloroquine,PC3,Chloroquine
0.3179,2e-4,137,TNF,CGS001-7124,96 h,LINCSKD_17488,HEPG2,LINCSCP_45100,Chloroquine,PC3,Chloroquine
0.3136,2e-4,137,TNF,CGS001-7124,96 h,LINCSKD_11298,HA1E,LINCSCP_45100,Chloroquine,PC3,Chloroquine
0.3095,2e-4,137,CD46,CGS001-4179,96 h,LINCSKD_12029,HCC515,LINCSCP_45100,Chloroquine,PC3,Chloroquine
0.3085,2e-4,137,CD40,CGS001-958,96 h,LINCSKD_4154,A549,LINCSCP_45100,Chloroquine,PC3,Chloroquine
0.3054,3e-4,137,CD19,CGS001-930,96 h,LINCSKD_14975,HEPG2,LINCSCP_45100,Chloroquine,PC3,Chloroquine
0.5498,6.1756e-28,336,TLR7,CGS001-51284,96 h,LINCSKD_17468,HEPG2,LINCSCP_98516,Chloroquine,HA1E,Chloroquine
0.5417,5.1331e-27,336,TLR7,CGS001-51284,96 h,LINCSKD_6832,A549,LINCSCP_98516,Chloroquine,HA1E,Chloroquine
0.5206,9.7559e-25,336,CD83,CGS001-9308,96 h,LINCSKD_8567,HA1E,LINCSCP_98516,Chloroquine,HA1E,Chloroquine
0.5134,5.4977e-24,336,TLR9,CGS001-54106,96 h,LINCSKD_11280,HA1E,LINCSCP_98516,Chloroquine,HA1E,Chloroquine
0.5128,6.2861e-24,336,ARG1,CGS001-383,96 h,LINCSKD_189,A375,LINCSCP_98516,Chloroquine,HA1E,Chloroquine
0.4882,1.5957e-21,336,TLR7,CGS001-51284,96 h,LINCSKD_3222,A375,LINCSCP_98516,Chloroquine,HA1E,Chloroquine
0.479,1.1179e-20,336,ARG1,CGS001-383,96 h,LINCSKD_8268,HA1E,LINCSCP_98516,Chloroquine,HA1E,Chloroquine
0.4731,3.8234e-20,336,CD83,CGS001-9308,96 h,LINCSKD_497,A375,LINCSCP_98516,Chloroquine,HA1E,Chloroquine
0.4646,2.161e-19,336,ARG1,CGS001-383,96 h,LINCSKD_14709,HEPG2,LINCSCP_98516,Chloroquine,HA1E,Chloroquine
0.4482,5.2465e-18,336,CD83,CGS001-9308,96 h,LINCSKD_14984,HEPG2,LINCSCP_98516,Chloroquine,HA1E,Chloroquine
0.4358,5.2441e-17,336,TLR7,CGS001-51284,96 h,LINCSKD_11278,HA1E,LINCSCP_98516,Chloroquine,HA1E,Chloroquine
0.4162,1.6433e-15,336,TNF,CGS001-7124,96 h,LINCSKD_14496,HEKTE,LINCSCP_98516,Chloroquine,HA1E,Chloroquine
0.3993,2.7143e-14,336,TLR9,CGS001-54106,96 h,LINCSKD_17470,HEPG2,LINCSCP_98516,Chloroquine,HA1E,Chloroquine
0.3948,5.5888e-14,336,TLR9,CGS001-54106,96 h,LINCSKD_6834,A549,LINCSCP_98516,Chloroquine,HA1E,Chloroquine
-0.394,6.3881e-14,336,TNF,CGS001-7124,96 h,LINCSKD_11298,HA1E,LINCSCP_98516,Chloroquine,HA1E,Chloroquine
0.3883,1.5523e-13,336,IL1B,CGS001-3553,96 h,LINCSKD_23163,MCF7,LINCSCP_98516,Chloroquine,HA1E,Chloroquine
-0.3882,1.5715e-13,336,IL6,CGS001-3569,96 h,LINCSKD_9600,HA1E,LINCSCP_98516,Chloroquine,HA1E,Chloroquine
-0.3856,2.3363e-13,336,TNF,CGS001-7124,96 h,LINCSKD_3241,A375,LINCSCP_98516,Chloroquine,HA1E,Chloroquine
0.3886,1.1364e-9,229,CD19,CGS001-930,96 h,LINCSKD_14975,HEPG2,LINCSCP_138207,Bupropion,MCF7,Bupropion
0.2798,0,229,CD81,CGS001-975,96 h,LINCSKD_496,A375,LINCSCP_138207,Bupropion,MCF7,Bupropion
0.2583,1e-4,229,CD44,CGS001-960,96 h,LINCSKD_4155,A549,LINCSCP_138207,Bupropion,MCF7,Bupropion
0.2467,2e-4,229,IL1B,CGS001-3553,96 h,LINCSKD_9587,HA1E,LINCSCP_138207,Bupropion,MCF7,Bupropion
0.2448,2e-4,229,CTLA4,CGS001-1493,120 h,LINCSKD_30568,VCAP,LINCSCP_138207,Bupropion,MCF7,Bupropion
0.2416,2e-4,229,ARG1,CGS001-383,96 h,LINCSKD_24665,NPC,LINCSCP_138207,Bupropion,MCF7,Bupropion
0.2388,3e-4,229,CD83,CGS001-9308,96 h,LINCSKD_4161,A549,LINCSCP_138207,Bupropion,MCF7,Bupropion
0.234,4e-4,229,TLR9,CGS001-54106,96 h,LINCSKD_13861,HCC515,LINCSCP_138207,Bupropion,MCF7,Bupropion
0.2289,5e-4,229,CTLA4,CGS001-1493,96 h,LINCSKD_18501,HT29,LINCSCP_138207,Bupropion,MCF7,Bupropion
0.2284,5e-4,229,TLR7,CGS001-51284,96 h,LINCSKD_11278,HA1E,LINCSCP_138207,Bupropion,MCF7,Bupropion
0.2253,6e-4,229,CD46,CGS001-4179,96 h,LINCSKD_4156,A549,LINCSCP_138207,Bupropion,MCF7,Bupropion
0.2234,7e-4,229,CD46,CGS001-4179,96 h,LINCSKD_12029,HCC515,LINCSCP_138207,Bupropion,MCF7,Bupropion
0.2185,9e-4,229,CD40,CGS001-958,96 h,LINCSKD_22487,MCF7,LINCSCP_138207,Bupropion,MCF7,Bupropion
0.2136,0.0011,229,CD44,CGS001-960,96 h,LINCSKD_24747,NPC,LINCSCP_138207,Bupropion,MCF7,Bupropion
0.2112,0.0013,229,CD19,CGS001-930,96 h,LINCSKD_482,A375,LINCSCP_138207,Bupropion,MCF7,Bupropion
0.2046,0.0019,229,TNF,CGS001-7124,96 h,LINCSKD_11298,HA1E,LINCSCP_138207,Bupropion,MCF7,Bupropion
0.2978,3.7171e-6,233,CD44,CGS001-960,144 h,LINCSKD_34122,MCF7,LINCSCP_138209,Bupropion,MCF7,Bupropion
0.2976,3.7726e-6,233,CD44,CGS001-960,120 h,LINCSKD_30381,VCAP,LINCSCP_138209,Bupropion,MCF7,Bupropion
0.2829,0,233,CD44,CGS001-960,96 h,LINCSKD_4155,A549,LINCSCP_138209,Bupropion,MCF7,Bupropion
0.2733,0,233,TNF,CGS001-7124,96 h,LINCSKD_11298,HA1E,LINCSCP_138209,Bupropion,MCF7,Bupropion
0.2655,0,233,CTLA4,CGS001-1493,96 h,LINCSKD_27056,PC3,LINCSCP_138209,Bupropion,MCF7,Bupropion
0.2592,1e-4,233,CD44,CGS001-960,96 h,LINCSKD_24747,NPC,LINCSCP_138209,Bupropion,MCF7,Bupropion
0.2578,1e-4,233,CD46,CGS001-4179,96 h,LINCSKD_4156,A549,LINCSCP_138209,Bupropion,MCF7,Bupropion
0.2309,4e-4,233,CD81,CGS001-975,96 h,LINCSKD_18326,HT29,LINCSCP_138209,Bupropion,MCF7,Bupropion
0.219,8e-4,233,CD19,CGS001-930,96 h,LINCSKD_22484,MCF7,LINCSCP_138209,Bupropion,MCF7,Bupropion
0.2106,0.0012,233,CD19,CGS001-930,96 h,LINCSKD_18318,HT29,LINCSCP_138209,Bupropion,MCF7,Bupropion
-0.2096,0.0013,233,CD83,CGS001-9308,144 h,LINCSKD_34124,MCF7,LINCSCP_138209,Bupropion,MCF7,Bupropion
-0.2095,0.0013,233,IL6,CGS001-3569,120 h,LINCSKD_31339,VCAP,LINCSCP_138209,Bupropion,MCF7,Bupropion
0.2053,0.0016,233,IL1B,CGS001-3553,96 h,LINCSKD_27663,PC3,LINCSCP_138209,Bupropion,MCF7,Bupropion
0.2051,0.0016,233,IL6R,CGS001-3570,96 h,LINCSKD_9601,HA1E,LINCSCP_138209,Bupropion,MCF7,Bupropion
0.433,3.403e-16,323,CD40,CGS001-958,96 h,LINCSKD_12028,HCC515,LINCSCP_156408,Bupropion,PC3,Bupropion
-0.3955,1.5356e-13,323,CD19,CGS001-930,96 h,LINCSKD_8558,HA1E,LINCSCP_156408,Bupropion,PC3,Bupropion
0.2988,4.3972e-8,323,CD83,CGS001-9308,96 h,LINCSKD_8567,HA1E,LINCSCP_156408,Bupropion,PC3,Bupropion
-0.2985,4.5076e-8,323,CD19,CGS001-930,96 h,LINCSKD_7392,ASC,LINCSCP_156408,Bupropion,PC3,Bupropion
-0.2969,5.3889e-8,323,CTLA4,CGS001-1493,120 h,LINCSKD_30568,VCAP,LINCSCP_156408,Bupropion,PC3,Bupropion
0.2965,5.605e-8,323,CD83,CGS001-9308,96 h,LINCSKD_14984,HEPG2,LINCSCP_156408,Bupropion,PC3,Bupropion
-0.2914,9.6268e-8,323,CD44,CGS001-960,120 h,LINCSKD_30381,VCAP,LINCSCP_156408,Bupropion,PC3,Bupropion
0.2872,1.4953e-7,323,TLR9,CGS001-54106,96 h,LINCSKD_17470,HEPG2,LINCSCP_156408,Bupropion,PC3,Bupropion
0.287,1.5312e-7,323,CD83,CGS001-9308,96 h,LINCSKD_497,A375,LINCSCP_156408,Bupropion,PC3,Bupropion
-0.2858,1.7282e-7,323,IL6,CGS001-3569,96 h,LINCSKD_9600,HA1E,LINCSCP_156408,Bupropion,PC3,Bupropion
0.2855,1.7905e-7,323,ARG1,CGS001-383,96 h,LINCSKD_8268,HA1E,LINCSCP_156408,Bupropion,PC3,Bupropion
0.2841,2.0599e-7,323,IL6R,CGS001-3570,96 h,LINCSKD_27674,PC3,LINCSCP_156408,Bupropion,PC3,Bupropion
-0.2797,3.2141e-7,323,CD44,CGS001-960,96 h,LINCSKD_24747,NPC,LINCSCP_156408,Bupropion,PC3,Bupropion
-0.2746,5.3906e-7,323,ARG1,CGS001-383,96 h,LINCSKD_7324,ASC,LINCSCP_156408,Bupropion,PC3,Bupropion
0.2734,6.0291e-7,323,IL1B,CGS001-3553,96 h,LINCSKD_1531,A375,LINCSCP_156408,Bupropion,PC3,Bupropion
-0.5112,8.877e-17,231,CTLA4,CGS001-1493,120 h,LINCSKD_30568,VCAP,LINCSCP_156409,Bupropion,PC3,Bupropion
0.5001,5.0323e-16,231,ARG1,CGS001-383,96 h,LINCSKD_14709,HEPG2,LINCSCP_156409,Bupropion,PC3,Bupropion
0.4626,1.1972e-13,231,ARG1,CGS001-383,96 h,LINCSKD_8268,HA1E,LINCSCP_156409,Bupropion,PC3,Bupropion
-0.4568,2.6275e-13,231,CD44,CGS001-960,120 h,LINCSKD_30381,VCAP,LINCSCP_156409,Bupropion,PC3,Bupropion
0.4546,3.4844e-13,231,TLR9,CGS001-54106,96 h,LINCSKD_11280,HA1E,LINCSCP_156409,Bupropion,PC3,Bupropion
0.4544,3.5977e-13,231,CD83,CGS001-9308,96 h,LINCSKD_14984,HEPG2,LINCSCP_156409,Bupropion,PC3,Bupropion
0.4439,1.4338e-12,231,IL6R,CGS001-3570,96 h,LINCSKD_27674,PC3,LINCSCP_156409,Bupropion,PC3,Bupropion
0.4409,2.1038e-12,231,CD83,CGS001-9308,96 h,LINCSKD_8567,HA1E,LINCSCP_156409,Bupropion,PC3,Bupropion
-0.4358,3.993e-12,231,CD19,CGS001-930,96 h,LINCSKD_8558,HA1E,LINCSCP_156409,Bupropion,PC3,Bupropion
-0.4343,4.8111e-12,231,CD44,CGS001-960,96 h,LINCSKD_24747,NPC,LINCSCP_156409,Bupropion,PC3,Bupropion
-0.434,4.9718e-12,231,TNF,CGS001-7124,96 h,LINCSKD_3241,A375,LINCSCP_156409,Bupropion,PC3,Bupropion
0.4238,1.7428e-11,231,CD83,CGS001-9308,96 h,LINCSKD_497,A375,LINCSCP_156409,Bupropion,PC3,Bupropion
-0.4047,1.6203e-10,231,CD81,CGS001-975,96 h,LINCSKD_18326,HT29,LINCSCP_156409,Bupropion,PC3,Bupropion
0.3946,5.0147e-10,231,TLR7,CGS001-51284,96 h,LINCSKD_6832,A549,LINCSCP_156409,Bupropion,PC3,Bupropion
0.3931,5.8864e-10,231,ARG1,CGS001-383,96 h,LINCSKD_11845,HCC515,LINCSCP_156409,Bupropion,PC3,Bupropion
-0.3872,1.1101e-9,231,TNF,CGS001-7124,96 h,LINCSKD_11298,HA1E,LINCSCP_156409,Bupropion,PC3,Bupropion
0.3841,1.5437e-9,231,IL6,CGS001-3569,120 h,LINCSKD_31339,VCAP,LINCSCP_156409,Bupropion,PC3,Bupropion
0.6281,7.585e-60,533,TLR9,CGS001-54106,96 h,LINCSKD_11280,HA1E,LINCSCP_16170,Bupropion,HA1E,Bupropion
-0.6122,4.018e-56,533,TNF,CGS001-7124,96 h,LINCSKD_11298,HA1E,LINCSCP_16170,Bupropion,HA1E,Bupropion
-0.5978,5.9834e-53,533,TNF,CGS001-7124,96 h,LINCSKD_3241,A375,LINCSCP_16170,Bupropion,HA1E,Bupropion
-0.5782,7.2879e-49,533,IL6,CGS001-3569,96 h,LINCSKD_9600,HA1E,LINCSCP_16170,Bupropion,HA1E,Bupropion
0.5701,2.8866e-47,533,CD83,CGS001-9308,96 h,LINCSKD_14984,HEPG2,LINCSCP_16170,Bupropion,HA1E,Bupropion
0.5685,5.9124e-47,533,ARG1,CGS001-383,96 h,LINCSKD_8268,HA1E,LINCSCP_16170,Bupropion,HA1E,Bupropion
-0.5498,1.9542e-43,533,CTLA4,CGS001-1493,120 h,LINCSKD_30568,VCAP,LINCSCP_16170,Bupropion,HA1E,Bupropion
0.5358,6.2062e-41,533,TLR7,CGS001-51284,96 h,LINCSKD_6832,A549,LINCSCP_16170,Bupropion,HA1E,Bupropion
0.5292,8.4289e-40,533,TLR7,CGS001-51284,96 h,LINCSKD_3222,A375,LINCSCP_16170,Bupropion,HA1E,Bupropion
0.5247,4.9073e-39,533,CD83,CGS001-9308,96 h,LINCSKD_8567,HA1E,LINCSCP_16170,Bupropion,HA1E,Bupropion
-0.5144,2.4778e-37,533,ARG1,CGS001-383,96 h,LINCSKD_7324,ASC,LINCSCP_16170,Bupropion,HA1E,Bupropion
0.5137,3.1175e-37,533,IL6R,CGS001-3570,96 h,LINCSKD_27674,PC3,LINCSCP_16170,Bupropion,HA1E,Bupropion
0.5117,6.6685e-37,533,CD40,CGS001-958,96 h,LINCSKD_14212,HEKTE,LINCSCP_16170,Bupropion,HA1E,Bupropion
-0.4922,7.0911e-34,533,CD19,CGS001-930,96 h,LINCSKD_8558,HA1E,LINCSCP_16170,Bupropion,HA1E,Bupropion
0.481,3.2631e-32,533,CD40,CGS001-958,96 h,LINCSKD_12028,HCC515,LINCSCP_16170,Bupropion,HA1E,Bupropion
0.4776,9.9867e-32,533,TLR7,CGS001-51284,96 h,LINCSKD_11278,HA1E,LINCSCP_16170,Bupropion,HA1E,Bupropion
0.4737,3.6136e-31,533,TLR7,CGS001-51284,96 h,LINCSKD_17468,HEPG2,LINCSCP_16170,Bupropion,HA1E,Bupropion
0.6406,2.2516e-16,130,CD83,CGS001-9308,96 h,LINCSKD_497,A375,LINCSCP_1865,Bupropion,A375,Bupropion
0.6254,1.8125e-15,130,TLR7,CGS001-51284,96 h,LINCSKD_3222,A375,LINCSCP_1865,Bupropion,A375,Bupropion
-0.5873,2.0603e-13,130,TNF,CGS001-7124,96 h,LINCSKD_3241,A375,LINCSCP_1865,Bupropion,A375,Bupropion
0.5659,2.29e-12,130,CD40,CGS001-958,96 h,LINCSKD_12028,HCC515,LINCSCP_1865,Bupropion,A375,Bupropion
-0.5415,2.8751e-11,130,CTLA4,CGS001-1493,96 h,LINCSKD_18501,HT29,LINCSCP_1865,Bupropion,A375,Bupropion
0.5403,3.258e-11,130,IL1B,CGS001-3553,96 h,LINCSKD_1531,A375,LINCSCP_1865,Bupropion,A375,Bupropion
0.5254,1.387e-10,130,CD83,CGS001-9308,96 h,LINCSKD_8567,HA1E,LINCSCP_1865,Bupropion,A375,Bupropion
-0.5222,1.8589e-10,130,CD44,CGS001-960,120 h,LINCSKD_30381,VCAP,LINCSCP_1865,Bupropion,A375,Bupropion
0.5069,7.5421e-10,130,ARG1,CGS001-383,96 h,LINCSKD_189,A375,LINCSCP_1865,Bupropion,A375,Bupropion
0.502,1.1697e-9,130,ARG1,CGS001-383,96 h,LINCSKD_14709,HEPG2,LINCSCP_1865,Bupropion,A375,Bupropion
0.5005,1.3315e-9,130,CD40,CGS001-958,96 h,LINCSKD_14212,HEKTE,LINCSCP_1865,Bupropion,A375,Bupropion
-0.4969,1.8231e-9,130,IL6,CGS001-3569,96 h,LINCSKD_9600,HA1E,LINCSCP_1865,Bupropion,A375,Bupropion
0.4925,2.6556e-9,130,CD83,CGS001-9308,96 h,LINCSKD_4161,A549,LINCSCP_1865,Bupropion,A375,Bupropion
-0.4914,2.9102e-9,130,CD81,CGS001-975,96 h,LINCSKD_18326,HT29,LINCSCP_1865,Bupropion,A375,Bupropion
-0.4889,3.612e-9,130,CTLA4,CGS001-1493,120 h,LINCSKD_30568,VCAP,LINCSCP_1865,Bupropion,A375,Bupropion
0.4865,4.416e-9,130,IL6R,CGS001-3570,96 h,LINCSKD_27674,PC3,LINCSCP_1865,Bupropion,A375,Bupropion
-0.4862,4.5285e-9,130,CD19,CGS001-930,96 h,LINCSKD_18318,HT29,LINCSCP_1865,Bupropion,A375,Bupropion
0.4759,1.0515e-8,130,ARG1,CGS001-383,96 h,LINCSKD_11845,HCC515,LINCSCP_1865,Bupropion,A375,Bupropion
0.48,8.3263e-50,843,CD44,CGS001-960,96 h,LINCSKD_4155,A549,LINCSCP_239064,Bupropion,MCF7,Bupropion
0.4636,3.8771e-46,843,CD46,CGS001-4179,96 h,LINCSKD_4156,A549,LINCSCP_239064,Bupropion,MCF7,Bupropion
0.3261,2.419e-22,843,IL6R,CGS001-3570,96 h,LINCSKD_9601,HA1E,LINCSCP_239064,Bupropion,MCF7,Bupropion
0.2733,6.5386e-16,843,CD19,CGS001-930,96 h,LINCSKD_14975,HEPG2,LINCSCP_239064,Bupropion,MCF7,Bupropion
0.256,4.4729e-14,843,CD83,CGS001-9308,144 h,LINCSKD_34124,MCF7,LINCSCP_239064,Bupropion,MCF7,Bupropion
0.2304,1.2821e-11,843,TNF,CGS001-7124,96 h,LINCSKD_28936,PC3,LINCSCP_239064,Bupropion,MCF7,Bupropion
0.2259,3.2419e-11,843,IL1B,CGS001-3553,96 h,LINCSKD_23163,MCF7,LINCSCP_239064,Bupropion,MCF7,Bupropion
0.2215,7.8971e-11,843,TLR7,CGS001-51284,96 h,LINCSKD_6832,A549,LINCSCP_239064,Bupropion,MCF7,Bupropion
0.2142,3.3342e-10,843,TLR7,CGS001-51284,96 h,LINCSKD_11278,HA1E,LINCSCP_239064,Bupropion,MCF7,Bupropion
0.2111,6.0596e-10,843,CD81,CGS001-975,96 h,LINCSKD_14983,HEPG2,LINCSCP_239064,Bupropion,MCF7,Bupropion
0.2076,1.1558e-9,843,IL1B,CGS001-3553,96 h,LINCSKD_19243,HT29,LINCSCP_239064,Bupropion,MCF7,Bupropion
0.2068,1.3406e-9,843,ARG1,CGS001-383,96 h,LINCSKD_24665,NPC,LINCSCP_239064,Bupropion,MCF7,Bupropion
-0.4739,4.323e-18,298,TNF,CGS001-7124,96 h,LINCSKD_3241,A375,LINCSCP_240746,Bupropion,MCF7,Bupropion
0.4631,3.0135e-17,298,CD40,CGS001-958,96 h,LINCSKD_12028,HCC515,LINCSCP_240746,Bupropion,MCF7,Bupropion
0.462,3.6611e-17,298,TLR9,CGS001-54106,96 h,LINCSKD_6834,A549,LINCSCP_240746,Bupropion,MCF7,Bupropion
0.4543,1.3884e-16,298,CD40,CGS001-958,96 h,LINCSKD_14212,HEKTE,LINCSCP_240746,Bupropion,MCF7,Bupropion
-0.4325,5.1793e-15,298,CTLA4,CGS001-1493,120 h,LINCSKD_30568,VCAP,LINCSCP_240746,Bupropion,MCF7,Bupropion
0.4278,1.0833e-14,298,TLR7,CGS001-51284,96 h,LINCSKD_6832,A549,LINCSCP_240746,Bupropion,MCF7,Bupropion
0.4204,3.4104e-14,298,TLR9,CGS001-54106,96 h,LINCSKD_24311,MCF7,LINCSCP_240746,Bupropion,MCF7,Bupropion
0.4136,9.5995e-14,298,ARG1,CGS001-383,96 h,LINCSKD_8268,HA1E,LINCSCP_240746,Bupropion,MCF7,Bupropion
0.4111,1.3901e-13,298,ARG1,CGS001-383,96 h,LINCSKD_11845,HCC515,LINCSCP_240746,Bupropion,MCF7,Bupropion
-0.4036,4.2367e-13,298,CD44,CGS001-960,120 h,LINCSKD_30381,VCAP,LINCSCP_240746,Bupropion,MCF7,Bupropion
0.4021,5.2445e-13,298,CD83,CGS001-9308,96 h,LINCSKD_14984,HEPG2,LINCSCP_240746,Bupropion,MCF7,Bupropion
0.4005,6.5409e-13,298,TLR7,CGS001-51284,96 h,LINCSKD_11278,HA1E,LINCSCP_240746,Bupropion,MCF7,Bupropion
0.3979,9.5395e-13,298,IL6R,CGS001-3570,96 h,LINCSKD_27674,PC3,LINCSCP_240746,Bupropion,MCF7,Bupropion
0.5254,5.2997e-19,248,CD46,CGS001-4179,96 h,LINCSKD_26918,PC3,LINCSCP_243604,Bupropion,MCF7,Bupropion
0.4316,1.1301e-12,248,CD46,CGS001-4179,96 h,LINCSKD_18323,HT29,LINCSCP_243604,Bupropion,MCF7,Bupropion
0.3937,1.2794e-10,248,TLR7,CGS001-51284,96 h,LINCSKD_11278,HA1E,LINCSCP_243604,Bupropion,MCF7,Bupropion
0.379,6.8526e-10,248,CD44,CGS001-960,96 h,LINCSKD_4155,A549,LINCSCP_243604,Bupropion,MCF7,Bupropion
0.3779,7.702e-10,248,TLR7,CGS001-51284,96 h,LINCSKD_6832,A549,LINCSCP_243604,Bupropion,MCF7,Bupropion
0.3671,2.4911e-9,248,CD81,CGS001-975,120 h,LINCSKD_30386,VCAP,LINCSCP_243604,Bupropion,MCF7,Bupropion
0.3555,8.4593e-9,248,TNF,CGS001-7124,96 h,LINCSKD_28936,PC3,LINCSCP_243604,Bupropion,MCF7,Bupropion
0.3536,1.0218e-8,248,CD19,CGS001-930,96 h,LINCSKD_12026,HCC515,LINCSCP_243604,Bupropion,MCF7,Bupropion
0.3405,3.7928e-8,248,ARG1,CGS001-383,96 h,LINCSKD_14709,HEPG2,LINCSCP_243604,Bupropion,MCF7,Bupropion
0.3366,5.5106e-8,248,IL1B,CGS001-3553,96 h,LINCSKD_23163,MCF7,LINCSCP_243604,Bupropion,MCF7,Bupropion
0.3252,1.6178e-7,248,CD83,CGS001-9308,144 h,LINCSKD_34124,MCF7,LINCSCP_243604,Bupropion,MCF7,Bupropion
0.4543,2.3245e-29,550,CD46,CGS001-4179,96 h,LINCSKD_26918,PC3,LINCSCP_269571,Bupropion,PC3,Bupropion
0.3839,9.3021e-21,550,IL1B,CGS001-3553,96 h,LINCSKD_9587,HA1E,LINCSCP_269571,Bupropion,PC3,Bupropion
0.3582,4.336e-18,550,CD44,CGS001-960,96 h,LINCSKD_24747,NPC,LINCSCP_269571,Bupropion,PC3,Bupropion
0.3045,2.9136e-13,550,CD19,CGS001-930,96 h,LINCSKD_482,A375,LINCSCP_269571,Bupropion,PC3,Bupropion
0.2868,7.0563e-12,550,TNF,CGS001-7124,96 h,LINCSKD_28936,PC3,LINCSCP_269571,Bupropion,PC3,Bupropion
0.2841,1.1322e-11,550,CD46,CGS001-4179,96 h,LINCSKD_22488,MCF7,LINCSCP_269571,Bupropion,PC3,Bupropion
0.2802,2.2376e-11,550,IL1B,CGS001-3553,96 h,LINCSKD_19243,HT29,LINCSCP_269571,Bupropion,PC3,Bupropion
0.2724,8.1309e-11,550,IL6,CGS001-3569,96 h,LINCSKD_19255,HT29,LINCSCP_269571,Bupropion,PC3,Bupropion
0.2698,1.264e-10,550,TLR7,CGS001-51284,96 h,LINCSKD_6832,A549,LINCSCP_269571,Bupropion,PC3,Bupropion
0.4595,1.9415e-41,769,CD46,CGS001-4179,96 h,LINCSKD_26918,PC3,LINCSCP_47443,Bupropion,PC3,Bupropion
0.4421,3.8526e-38,769,IL6R,CGS001-3570,96 h,LINCSKD_27674,PC3,LINCSCP_47443,Bupropion,PC3,Bupropion
0.4249,4.5672e-35,769,TLR9,CGS001-54106,96 h,LINCSKD_11280,HA1E,LINCSCP_47443,Bupropion,PC3,Bupropion
0.4119,7.5407e-33,769,CD40,CGS001-958,96 h,LINCSKD_12028,HCC515,LINCSCP_47443,Bupropion,PC3,Bupropion
0.4055,8.5528e-32,769,CD83,CGS001-9308,96 h,LINCSKD_8567,HA1E,LINCSCP_47443,Bupropion,PC3,Bupropion
0.4038,1.6249e-31,769,TLR7,CGS001-51284,96 h,LINCSKD_6832,A549,LINCSCP_47443,Bupropion,PC3,Bupropion
0.3897,2.7115e-29,769,TLR7,CGS001-51284,96 h,LINCSKD_11278,HA1E,LINCSCP_47443,Bupropion,PC3,Bupropion
0.3853,1.2878e-28,769,TLR9,CGS001-54106,96 h,LINCSKD_6834,A549,LINCSCP_47443,Bupropion,PC3,Bupropion
0.3816,4.5571e-28,769,CD83,CGS001-9308,96 h,LINCSKD_4161,A549,LINCSCP_47443,Bupropion,PC3,Bupropion
-0.3811,5.4906e-28,769,CD19,CGS001-930,96 h,LINCSKD_8558,HA1E,LINCSCP_47443,Bupropion,PC3,Bupropion
0.3721,1.8298e-8,215,IL1B,CGS001-3553,96 h,LINCSKD_1531,A375,LINCSCP_74675,Bupropion,A375,Bupropion
0.3476,1.6912e-7,215,CD19,CGS001-930,96 h,LINCSKD_12026,HCC515,LINCSCP_74675,Bupropion,A375,Bupropion
0.3116,3.1686e-6,215,TLR7,CGS001-51284,96 h,LINCSKD_3222,A375,LINCSCP_74675,Bupropion,A375,Bupropion
0.3105,3.4593e-6,215,TLR7,CGS001-51284,96 h,LINCSKD_17468,HEPG2,LINCSCP_74675,Bupropion,A375,Bupropion
0.3102,3.5463e-6,215,CD40,CGS001-958,96 h,LINCSKD_488,A375,LINCSCP_74675,Bupropion,A375,Bupropion
0.3054,5.0671e-6,215,CD44,CGS001-960,96 h,LINCSKD_4155,A549,LINCSCP_74675,Bupropion,A375,Bupropion
0.2974,9.1303e-6,215,CD46,CGS001-4179,96 h,LINCSKD_4156,A549,LINCSCP_74675,Bupropion,A375,Bupropion
0.2921,0,215,TLR9,CGS001-54106,96 h,LINCSKD_17470,HEPG2,LINCSCP_74675,Bupropion,A375,Bupropion
0.2836,0,215,CD81,CGS001-975,96 h,LINCSKD_22491,MCF7,LINCSCP_74675,Bupropion,A375,Bupropion
-0.283,0,215,CTLA4,CGS001-1493,144 h,LINCSKD_35785,PC3,LINCSCP_74675,Bupropion,A375,Bupropion
0.2739,0,215,CD83,CGS001-9308,96 h,LINCSKD_14984,HEPG2,LINCSCP_74675,Bupropion,A375,Bupropion
0.2681,1e-4,215,CD83,CGS001-9308,96 h,LINCSKD_4161,A549,LINCSCP_74675,Bupropion,A375,Bupropion
0.2656,1e-4,215,IL1B,CGS001-3553,96 h,LINCSKD_15912,HEPG2,LINCSCP_74675,Bupropion,A375,Bupropion
0.2635,1e-4,215,ARG1,CGS001-383,96 h,LINCSKD_11845,HCC515,LINCSCP_74675,Bupropion,A375,Bupropion
0.2615,1e-4,215,CD83,CGS001-9308,144 h,LINCSKD_34124,MCF7,LINCSCP_74675,Bupropion,A375,Bupropion
0.2591,1e-4,215,IL1B,CGS001-3553,96 h,LINCSKD_9587,HA1E,LINCSCP_74675,Bupropion,A375,Bupropion
0.2514,2e-4,215,CD40,CGS001-958,96 h,LINCSKD_12028,HCC515,LINCSCP_74675,Bupropion,A375,Bupropion
0.2493,2e-4,215,TNF,CGS001-7124,96 h,LINCSKD_14496,HEKTE,LINCSCP_74675,Bupropion,A375,Bupropion
0.243,3e-4,215,CD83,CGS001-9308,96 h,LINCSKD_497,A375,LINCSCP_74675,Bupropion,A375,Bupropion
0.24,4e-4,215,IL6,CGS001-3569,96 h,LINCSKD_12722,HCC515,LINCSCP_74675,Bupropion,A375,Bupropion
0.2336,6e-4,215,TLR7,CGS001-51284,96 h,LINCSKD_6832,A549,LINCSCP_74675,Bupropion,A375,Bupropion
0.2322,6e-4,215,CD44,CGS001-960,96 h,LINCSKD_18322,HT29,LINCSCP_74675,Bupropion,A375,Bupropion
0.3533,3.956e-10,296,CD83,CGS001-9308,96 h,LINCSKD_497,A375,LINCSCP_74677,Bupropion,A375,Bupropion
0.3426,1.4216e-9,296,TLR7,CGS001-51284,96 h,LINCSKD_17468,HEPG2,LINCSCP_74677,Bupropion,A375,Bupropion
0.3384,2.3104e-9,296,TLR7,CGS001-51284,96 h,LINCSKD_3222,A375,LINCSCP_74677,Bupropion,A375,Bupropion
0.3315,5.0745e-9,296,IL6R,CGS001-3570,96 h,LINCSKD_27674,PC3,LINCSCP_74677,Bupropion,A375,Bupropion
0.3314,5.1227e-9,296,TLR7,CGS001-51284,96 h,LINCSKD_6832,A549,LINCSCP_74677,Bupropion,A375,Bupropion
0.3262,9.1528e-9,296,CD83,CGS001-9308,96 h,LINCSKD_8567,HA1E,LINCSCP_74677,Bupropion,A375,Bupropion
0.3221,1.4257e-8,296,IL1B,CGS001-3553,96 h,LINCSKD_19243,HT29,LINCSCP_74677,Bupropion,A375,Bupropion
-0.3188,2.0493e-8,296,ARG1,CGS001-383,144 h,LINCSKD_25752,PC3,LINCSCP_74677,Bupropion,A375,Bupropion
-0.3181,2.1882e-8,296,ARG1,CGS001-383,96 h,LINCSKD_7324,ASC,LINCSCP_74677,Bupropion,A375,Bupropion
0.3129,3.8085e-8,296,TLR9,CGS001-54106,96 h,LINCSKD_6834,A549,LINCSCP_74677,Bupropion,A375,Bupropion
-0.3043,9.272e-8,296,CTLA4,CGS001-1493,120 h,LINCSKD_30568,VCAP,LINCSCP_74677,Bupropion,A375,Bupropion
0.2947,0,188,IL6R,CGS001-3570,96 h,LINCSKD_15924,HEPG2,LINCSCP_74678,Bupropion,A375,Bupropion
0.2571,4e-4,188,CTLA4,CGS001-1493,96 h,LINCSKD_8761,HA1E,LINCSCP_74678,Bupropion,A375,Bupropion
0.2462,7e-4,188,CD46,CGS001-4179,96 h,LINCSKD_4156,A549,LINCSCP_74678,Bupropion,A375,Bupropion
0.2267,0.0018,188,CD83,CGS001-9308,96 h,LINCSKD_8567,HA1E,LINCSCP_74678,Bupropion,A375,Bupropion
0.2223,0.0022,188,TNF,CGS001-7124,96 h,LINCSKD_11298,HA1E,LINCSCP_74678,Bupropion,A375,Bupropion
0.2044,0.0049,188,CTLA4,CGS001-1493,96 h,LINCSKD_27056,PC3,LINCSCP_74678,Bupropion,A375,Bupropion
0.3444,9.4679e-8,228,TNF,CGS001-7124,96 h,LINCSKD_11298,HA1E,LINCSCP_74679,Bupropion,A375,Bupropion
0.312,1.541e-6,228,TNF,CGS001-7124,120 h,LINCSKD_32982,VCAP,LINCSCP_74679,Bupropion,A375,Bupropion
0.3077,2.1711e-6,228,CD46,CGS001-4179,96 h,LINCSKD_490,A375,LINCSCP_74679,Bupropion,A375,Bupropion
0.2716,0,228,CD44,CGS001-960,120 h,LINCSKD_30381,VCAP,LINCSCP_74679,Bupropion,A375,Bupropion
0.2632,1e-4,228,IL6R,CGS001-3570,96 h,LINCSKD_9601,HA1E,LINCSCP_74679,Bupropion,A375,Bupropion
-0.2609,1e-4,228,CD83,CGS001-9308,96 h,LINCSKD_14984,HEPG2,LINCSCP_74679,Bupropion,A375,Bupropion
0.2579,1e-4,228,TNF,CGS001-7124,96 h,LINCSKD_3241,A375,LINCSCP_74679,Bupropion,A375,Bupropion
0.2478,2e-4,228,CD19,CGS001-930,96 h,LINCSKD_18318,HT29,LINCSCP_74679,Bupropion,A375,Bupropion
0.2443,2e-4,228,CD46,CGS001-4179,96 h,LINCSKD_4156,A549,LINCSCP_74679,Bupropion,A375,Bupropion
0.244,2e-4,228,TNF,CGS001-7124,96 h,LINCSKD_28936,PC3,LINCSCP_74679,Bupropion,A375,Bupropion
0.2421,2e-4,228,CTLA4,CGS001-1493,144 h,LINCSKD_35785,PC3,LINCSCP_74679,Bupropion,A375,Bupropion
0.239,3e-4,228,CD81,CGS001-975,96 h,LINCSKD_18326,HT29,LINCSCP_74679,Bupropion,A375,Bupropion
-0.2387,3e-4,228,IL1B,CGS001-3553,96 h,LINCSKD_5152,A549,LINCSCP_74679,Bupropion,A375,Bupropion
0.2378,3e-4,228,IL6R,CGS001-3570,96 h,LINCSKD_15924,HEPG2,LINCSCP_74679,Bupropion,A375,Bupropion
0.2342,4e-4,228,CD19,CGS001-930,96 h,LINCSKD_36467,PC3,LINCSCP_74679,Bupropion,A375,Bupropion
0.2225,7e-4,228,CTLA4,CGS001-1493,120 h,LINCSKD_30568,VCAP,LINCSCP_74679,Bupropion,A375,Bupropion
0.5818,7.3204e-24,248,ARG1,CGS001-383,96 h,LINCSKD_8268,HA1E,LINCSCP_93020,Bupropion,HA1E,Bupropion
0.4613,1.7857e-14,248,TLR9,CGS001-54106,96 h,LINCSKD_11280,HA1E,LINCSCP_93020,Bupropion,HA1E,Bupropion
0.4351,7.0938e-13,248,TLR7,CGS001-51284,96 h,LINCSKD_6832,A549,LINCSCP_93020,Bupropion,HA1E,Bupropion
0.4306,1.286e-12,248,TLR7,CGS001-51284,96 h,LINCSKD_11278,HA1E,LINCSCP_93020,Bupropion,HA1E,Bupropion
0.43,1.3985e-12,248,TLR9,CGS001-54106,96 h,LINCSKD_6834,A549,LINCSCP_93020,Bupropion,HA1E,Bupropion
-0.4166,7.8932e-12,248,CD19,CGS001-930,96 h,LINCSKD_8558,HA1E,LINCSCP_93020,Bupropion,HA1E,Bupropion
0.4136,1.1475e-11,248,CD83,CGS001-9308,96 h,LINCSKD_8567,HA1E,LINCSCP_93020,Bupropion,HA1E,Bupropion
-0.4064,2.8046e-11,248,ARG1,CGS001-383,96 h,LINCSKD_7324,ASC,LINCSCP_93020,Bupropion,HA1E,Bupropion
0.4043,3.6158e-11,248,CD40,CGS001-958,96 h,LINCSKD_14212,HEKTE,LINCSCP_93020,Bupropion,HA1E,Bupropion
-0.4029,4.2599e-11,248,CTLA4,CGS001-1493,120 h,LINCSKD_30568,VCAP,LINCSCP_93020,Bupropion,HA1E,Bupropion
0.3945,1.1602e-10,248,TLR7,CGS001-51284,96 h,LINCSKD_17468,HEPG2,LINCSCP_93020,Bupropion,HA1E,Bupropion
0.3887,2.2696e-10,248,TLR9,CGS001-54106,96 h,LINCSKD_24311,MCF7,LINCSCP_93020,Bupropion,HA1E,Bupropion
0.3959,2.2446e-11,265,TLR9,CGS001-54106,96 h,LINCSKD_13861,HCC515,LINCSCP_143837,Lopinavir,MCF7,Lopinavir
0.3943,2.7197e-11,265,ARG1,CGS001-383,96 h,LINCSKD_24665,NPC,LINCSCP_143837,Lopinavir,MCF7,Lopinavir
0.3809,1.4095e-10,265,CD40,CGS001-958,96 h,LINCSKD_12028,HCC515,LINCSCP_143837,Lopinavir,MCF7,Lopinavir
0.3709,4.5725e-10,265,TLR7,CGS001-51284,96 h,LINCSKD_17468,HEPG2,LINCSCP_143837,Lopinavir,MCF7,Lopinavir
0.368,6.3658e-10,265,TLR7,CGS001-51284,96 h,LINCSKD_6832,A549,LINCSCP_143837,Lopinavir,MCF7,Lopinavir
0.3562,2.389e-9,265,CD19,CGS001-930,96 h,LINCSKD_12026,HCC515,LINCSCP_143837,Lopinavir,MCF7,Lopinavir
0.3545,2.8882e-9,265,CD83,CGS001-9308,96 h,LINCSKD_4161,A549,LINCSCP_143837,Lopinavir,MCF7,Lopinavir
0.3542,2.9857e-9,265,TLR7,CGS001-51284,120 h,LINCSKD_32970,VCAP,LINCSCP_143837,Lopinavir,MCF7,Lopinavir
0.3471,6.4305e-9,265,CD46,CGS001-4179,96 h,LINCSKD_22488,MCF7,LINCSCP_143837,Lopinavir,MCF7,Lopinavir
0.3356,2.1359e-8,265,CD19,CGS001-930,96 h,LINCSKD_4151,A549,LINCSCP_143837,Lopinavir,MCF7,Lopinavir
0.3116,2.2376e-7,265,TLR7,CGS001-51284,96 h,LINCSKD_3222,A375,LINCSCP_143837,Lopinavir,MCF7,Lopinavir
0.31,2.6157e-7,265,TLR9,CGS001-54106,96 h,LINCSKD_24311,MCF7,LINCSCP_143837,Lopinavir,MCF7,Lopinavir
0.3097,2.6712e-7,265,ARG1,CGS001-383,96 h,LINCSKD_14709,HEPG2,LINCSCP_143837,Lopinavir,MCF7,Lopinavir
0.3043,4.4133e-7,265,CD83,CGS001-9308,96 h,LINCSKD_8567,HA1E,LINCSCP_143837,Lopinavir,MCF7,Lopinavir
0.3894,5.9448e-15,373,ARG1,CGS001-383,96 h,LINCSKD_189,A375,LINCSCP_162038,Lopinavir,PC3,Lopinavir
-0.3726,9.9482e-14,373,CD44,CGS001-960,96 h,LINCSKD_36469,PC3,LINCSCP_162038,Lopinavir,PC3,Lopinavir
0.3473,5.1417e-12,373,TLR7,CGS001-51284,96 h,LINCSKD_3222,A375,LINCSCP_162038,Lopinavir,PC3,Lopinavir
0.3173,3.6243e-10,373,ARG1,CGS001-383,96 h,LINCSKD_3862,A549,LINCSCP_162038,Lopinavir,PC3,Lopinavir
0.3037,2.1189e-9,373,CD83,CGS001-9308,96 h,LINCSKD_36470,PC3,LINCSCP_162038,Lopinavir,PC3,Lopinavir
-0.2852,2.064e-8,373,CD44,CGS001-960,144 h,LINCSKD_34122,MCF7,LINCSCP_162038,Lopinavir,PC3,Lopinavir
0.2801,3.734e-8,373,CD83,CGS001-9308,96 h,LINCSKD_497,A375,LINCSCP_162038,Lopinavir,PC3,Lopinavir
0.2542,6.5119e-7,373,ARG1,CGS001-383,96 h,LINCSKD_14709,HEPG2,LINCSCP_162038,Lopinavir,PC3,Lopinavir
-0.2519,8.2788e-7,373,CD19,CGS001-930,96 h,LINCSKD_18318,HT29,LINCSCP_162038,Lopinavir,PC3,Lopinavir
-0.2519,8.3309e-7,373,IL6,CGS001-3569,144 h,LINCSKD_34351,MCF7,LINCSCP_162038,Lopinavir,PC3,Lopinavir
0.2487,1.1489e-6,373,CD83,CGS001-9308,96 h,LINCSKD_8567,HA1E,LINCSCP_162038,Lopinavir,PC3,Lopinavir
0.231,6.5592e-6,373,TLR7,CGS001-51284,96 h,LINCSKD_37049,PC3,LINCSCP_162038,Lopinavir,PC3,Lopinavir
-0.2278,8.8909e-6,373,IL6,CGS001-3569,96 h,LINCSKD_36707,PC3,LINCSCP_162038,Lopinavir,PC3,Lopinavir
0.2257,0,373,CTLA4,CGS001-1493,96 h,LINCSKD_686,A375,LINCSCP_162038,Lopinavir,PC3,Lopinavir
0.221,0,373,CD83,CGS001-9308,120 h,LINCSKD_30387,VCAP,LINCSCP_162038,Lopinavir,PC3,Lopinavir
0.2203,0,373,ARG1,CGS001-383,96 h,LINCSKD_11845,HCC515,LINCSCP_162038,Lopinavir,PC3,Lopinavir
0.2176,0,373,CD83,CGS001-9308,96 h,LINCSKD_18327,HT29,LINCSCP_162038,Lopinavir,PC3,Lopinavir
0.3898,1.3697e-6,144,CTLA4,CGS001-1493,96 h,LINCSKD_27056,PC3,LINCSCP_16740,Lopinavir,HA1E,Lopinavir
0.322,1e-4,144,CD46,CGS001-4179,96 h,LINCSKD_18323,HT29,LINCSCP_16740,Lopinavir,HA1E,Lopinavir
0.3103,2e-4,144,CTLA4,CGS001-1493,96 h,LINCSKD_18501,HT29,LINCSCP_16740,Lopinavir,HA1E,Lopinavir
0.2747,9e-4,144,TNF,CGS001-7124,120 h,LINCSKD_32982,VCAP,LINCSCP_16740,Lopinavir,HA1E,Lopinavir
-0.2686,0.0011,144,CD19,CGS001-930,96 h,LINCSKD_36467,PC3,LINCSCP_16740,Lopinavir,HA1E,Lopinavir
0.2661,0.0013,144,CD81,CGS001-975,96 h,LINCSKD_8566,HA1E,LINCSCP_16740,Lopinavir,HA1E,Lopinavir
0.2533,0.0022,144,TNF,CGS001-7124,96 h,LINCSKD_24319,MCF7,LINCSCP_16740,Lopinavir,HA1E,Lopinavir
0.2501,0.0025,144,CD44,CGS001-960,120 h,LINCSKD_30381,VCAP,LINCSCP_16740,Lopinavir,HA1E,Lopinavir
0.2485,0.0027,144,CTLA4,CGS001-1493,96 h,LINCSKD_8761,HA1E,LINCSCP_16740,Lopinavir,HA1E,Lopinavir
-0.2481,0.0027,144,CD19,CGS001-930,144 h,LINCSKD_21298,MCF7,LINCSCP_16740,Lopinavir,HA1E,Lopinavir
0.2392,0.0039,144,CTLA4,CGS001-1493,96 h,LINCSKD_15163,HEPG2,LINCSCP_16740,Lopinavir,HA1E,Lopinavir
0.2388,0.0039,144,IL6,CGS001-3569,96 h,LINCSKD_15923,HEPG2,LINCSCP_16740,Lopinavir,HA1E,Lopinavir
0.238,0.0041,144,IL6,CGS001-3569,96 h,LINCSKD_5165,A549,LINCSCP_16740,Lopinavir,HA1E,Lopinavir
-0.2352,0.0045,144,ARG1,CGS001-383,96 h,LINCSKD_22298,MCF7,LINCSCP_16740,Lopinavir,HA1E,Lopinavir
0.4882,4.1397e-8,113,CD46,CGS001-4179,96 h,LINCSKD_18323,HT29,LINCSCP_2480,Lopinavir,A375,Lopinavir
0.4326,1.7035e-6,113,CD40,CGS001-958,120 h,LINCSKD_30380,VCAP,LINCSCP_2480,Lopinavir,A375,Lopinavir
0.3708,1e-4,113,TLR7,CGS001-51284,96 h,LINCSKD_3222,A375,LINCSCP_2480,Lopinavir,A375,Lopinavir
0.3636,1e-4,113,CTLA4,CGS001-1493,96 h,LINCSKD_15163,HEPG2,LINCSCP_2480,Lopinavir,A375,Lopinavir
0.3409,2e-4,113,TLR9,CGS001-54106,96 h,LINCSKD_20775,HT29,LINCSCP_2480,Lopinavir,A375,Lopinavir
0.3164,6e-4,113,CD40,CGS001-958,96 h,LINCSKD_26917,PC3,LINCSCP_2480,Lopinavir,A375,Lopinavir
0.314,7e-4,113,IL1B,CGS001-3553,96 h,LINCSKD_9587,HA1E,LINCSCP_2480,Lopinavir,A375,Lopinavir
0.3102,8e-4,113,CD19,CGS001-930,96 h,LINCSKD_4151,A549,LINCSCP_2480,Lopinavir,A375,Lopinavir
0.3065,0.001,113,CD46,CGS001-4179,120 h,LINCSKD_30382,VCAP,LINCSCP_2480,Lopinavir,A375,Lopinavir
0.3028,0.0011,113,CTLA4,CGS001-1493,144 h,LINCSKD_34173,MCF7,LINCSCP_2480,Lopinavir,A375,Lopinavir
0.292,0.0017,113,ARG1,CGS001-383,96 h,LINCSKD_24665,NPC,LINCSCP_2480,Lopinavir,A375,Lopinavir
0.2902,0.0018,113,CD40,CGS001-958,96 h,LINCSKD_4154,A549,LINCSCP_2480,Lopinavir,A375,Lopinavir
0.287,0.0021,113,CD81,CGS001-975,96 h,LINCSKD_22491,MCF7,LINCSCP_2480,Lopinavir,A375,Lopinavir
0.2852,0.0022,113,CD46,CGS001-4179,96 h,LINCSKD_26918,PC3,LINCSCP_2480,Lopinavir,A375,Lopinavir
0.6694,2.3392e-18,131,TNF,CGS001-7124,96 h,LINCSKD_3241,A375,LINCSCP_46860,Lopinavir,PC3,Lopinavir
0.6624,6.9588e-18,131,CTLA4,CGS001-1493,120 h,LINCSKD_30568,VCAP,LINCSCP_46860,Lopinavir,PC3,Lopinavir
0.6196,3.0331e-15,131,TNF,CGS001-7124,96 h,LINCSKD_11298,HA1E,LINCSCP_46860,Lopinavir,PC3,Lopinavir
0.5004,1.1624e-9,131,TNF,CGS001-7124,96 h,LINCSKD_24319,MCF7,LINCSCP_46860,Lopinavir,PC3,Lopinavir
0.4902,2.8104e-9,131,CD44,CGS001-960,96 h,LINCSKD_24747,NPC,LINCSCP_46860,Lopinavir,PC3,Lopinavir
-0.4886,3.2048e-9,131,TLR9,CGS001-54106,96 h,LINCSKD_11280,HA1E,LINCSCP_46860,Lopinavir,PC3,Lopinavir
0.4669,1.9002e-8,131,CD81,CGS001-975,96 h,LINCSKD_4160,A549,LINCSCP_46860,Lopinavir,PC3,Lopinavir
0.4635,2.4771e-8,131,CD81,CGS001-975,96 h,LINCSKD_18326,HT29,LINCSCP_46860,Lopinavir,PC3,Lopinavir
0.4475,8.3666e-8,131,IL6,CGS001-3569,96 h,LINCSKD_9600,HA1E,LINCSCP_46860,Lopinavir,PC3,Lopinavir
-0.4386,1.6109e-7,131,CD44,CGS001-960,96 h,LINCSKD_18322,HT29,LINCSCP_46860,Lopinavir,PC3,Lopinavir
0.3776,2.7372e-14,379,CD83,CGS001-9308,96 h,LINCSKD_8567,HA1E,LINCSCP_80274,Lopinavir,A375,Lopinavir
0.34,1.0437e-11,379,CD19,CGS001-930,96 h,LINCSKD_14975,HEPG2,LINCSCP_80274,Lopinavir,A375,Lopinavir
0.3386,1.2742e-11,379,TLR7,CGS001-51284,96 h,LINCSKD_6832,A549,LINCSCP_80274,Lopinavir,A375,Lopinavir
0.3065,1.1036e-9,379,CD83,CGS001-9308,96 h,LINCSKD_497,A375,LINCSCP_80274,Lopinavir,A375,Lopinavir
0.3042,1.4823e-9,379,CD46,CGS001-4179,96 h,LINCSKD_12029,HCC515,LINCSCP_80274,Lopinavir,A375,Lopinavir
0.3005,2.3875e-9,379,TLR7,CGS001-51284,96 h,LINCSKD_3222,A375,LINCSCP_80274,Lopinavir,A375,Lopinavir
0.2961,4.138e-9,379,ARG1,CGS001-383,96 h,LINCSKD_14709,HEPG2,LINCSCP_80274,Lopinavir,A375,Lopinavir
0.2865,1.3623e-8,379,ARG1,CGS001-383,96 h,LINCSKD_189,A375,LINCSCP_80274,Lopinavir,A375,Lopinavir
0.2714,7.9521e-8,379,CD40,CGS001-958,120 h,LINCSKD_30380,VCAP,LINCSCP_80274,Lopinavir,A375,Lopinavir
0.2612,2.5e-7,379,TLR7,CGS001-51284,96 h,LINCSKD_17468,HEPG2,LINCSCP_80274,Lopinavir,A375,Lopinavir
0.2601,2.8028e-7,379,ARG1,CGS001-383,96 h,LINCSKD_24665,NPC,LINCSCP_80274,Lopinavir,A375,Lopinavir
0.2598,2.9148e-7,379,TLR7,CGS001-51284,96 h,LINCSKD_11278,HA1E,LINCSCP_80274,Lopinavir,A375,Lopinavir
0.251,7.4137e-7,379,CD83,CGS001-9308,96 h,LINCSKD_36470,PC3,LINCSCP_80274,Lopinavir,A375,Lopinavir
0.2504,7.9226e-7,379,TNF,CGS001-7124,96 h,LINCSKD_14496,HEKTE,LINCSCP_80274,Lopinavir,A375,Lopinavir
0.2482,9.9249e-7,379,CD83,CGS001-9308,96 h,LINCSKD_4161,A549,LINCSCP_80274,Lopinavir,A375,Lopinavir
0.2314,5.3012e-6,379,CD83,CGS001-9308,144 h,LINCSKD_34124,MCF7,LINCSCP_80274,Lopinavir,A375,Lopinavir
